count,date
10.0,2019-11-01 00:00:10
8.0,2019-11-01 00:00:21
6.0,2019-11-01 00:00:31
2.0,2019-11-01 00:00:42
3.0,2019-11-01 00:00:51
5.0,2019-11-01 00:01:10
0.0,2019-11-01 00:01:26
5.0,2019-11-01 00:01:31
2.0,2019-11-01 00:01:46
8.0,2019-11-01 00:01:52
2.0,2019-11-01 00:02:03
2.0,2019-11-01 00:02:16
1.0,2019-11-01 00:02:30
0.0,2019-11-01 00:02:44
1.0,2019-11-01 00:03:03
5.0,2019-11-01 00:03:14
16.0,2019-11-01 00:03:24
15.0,2019-11-01 00:03:35
0.0,2019-11-01 00:03:46
4.0,2019-11-01 00:03:59
6.0,2019-11-01 00:04:08
2.0,2019-11-01 00:04:27
3.0,2019-11-01 00:04:49
4.0,2019-11-01 00:05:00
2.0,2019-11-01 00:05:15
5.0,2019-11-01 00:05:22
11.0,2019-11-01 00:05:33
0.0,2019-11-01 00:05:43
13.0,2019-11-01 00:05:54
5.0,2019-11-01 00:06:05
13.0,2019-11-01 00:06:16
14.0,2019-11-01 00:06:27
1.0,2019-11-01 00:06:43
7.0,2019-11-01 00:06:53
56.0,2019-11-01 00:07:03
2.0,2019-11-01 00:07:14
1.0,2019-11-01 00:07:32
2.0,2019-11-01 00:07:42
2.0,2019-11-01 00:07:53
2.0,2019-11-01 00:08:06
7.0,2019-11-01 00:08:17
3.0,2019-11-01 00:08:28
1.0,2019-11-01 00:08:57
8.0,2019-11-01 00:09:07
11.0,2019-11-01 00:09:18
0.0,2019-11-01 00:09:28
3.0,2019-11-01 00:09:39
1.0,2019-11-01 00:10:00
1.0,2019-11-01 00:10:06
0.0,2019-11-01 00:10:16
6.0,2019-11-01 00:10:37
1.0,2019-11-01 00:10:47
3.0,2019-11-01 00:10:58
58.0,2019-11-01 00:11:09
7.0,2019-11-01 00:11:31
11.0,2019-11-01 00:11:40
3.0,2019-11-01 00:11:47
9.0,2019-11-01 00:11:58
5.0,2019-11-01 00:12:16
2.0,2019-11-01 00:12:30
6.0,2019-11-01 00:12:49
4.0,2019-11-01 00:12:58
9.0,2019-11-01 00:13:11
4.0,2019-11-01 00:13:21
0.0,2019-11-01 00:13:39
2.0,2019-11-01 00:13:44
0.0,2019-11-01 00:13:55
0.0,2019-11-01 00:14:05
26.0,2019-11-01 00:14:16
5.0,2019-11-01 00:14:26
0.0,2019-11-01 00:14:37
5.0,2019-11-01 00:15:01
2.0,2019-11-01 00:15:11
9.0,2019-11-01 00:15:21
3.0,2019-11-01 00:15:33
0.0,2019-11-01 00:15:43
3.0,2019-11-01 00:15:52
6.0,2019-11-01 00:16:03
2.0,2019-11-01 00:16:14
2.0,2019-11-01 00:16:25
2.0,2019-11-01 00:16:35
4.0,2019-11-01 00:16:44
2.0,2019-11-01 00:16:55
11.0,2019-11-01 00:17:06
2.0,2019-11-01 00:17:17
1.0,2019-11-01 00:17:29
8.0,2019-11-01 00:17:33
7.0,2019-11-01 00:17:43
3.0,2019-11-01 00:17:54
19.0,2019-11-01 00:18:09
1.0,2019-11-01 00:18:20
4.0,2019-11-01 00:18:33
11.0,2019-11-01 00:18:41
5.0,2019-11-01 00:18:51
9.0,2019-11-01 00:19:01
3.0,2019-11-01 00:19:19
1.0,2019-11-01 00:19:30
0.0,2019-11-01 00:19:41
16.0,2019-11-01 00:19:51
8.0,2019-11-01 00:20:02
116.0,2019-11-01 00:20:13
1.0,2019-11-01 00:20:23
5.0,2019-11-01 00:20:39
11.0,2019-11-01 00:20:50
1.0,2019-11-01 00:21:01
4.0,2019-11-01 00:21:12
0.0,2019-11-01 00:21:29
0.0,2019-11-01 00:21:40
5.0,2019-11-01 00:21:50
5.0,2019-11-01 00:21:59
10.0,2019-11-01 00:22:10
2.0,2019-11-01 00:22:21
1.0,2019-11-01 00:22:40
6.0,2019-11-01 00:22:57
14.0,2019-11-01 00:23:07
0.0,2019-11-01 00:23:18
2.0,2019-11-01 00:23:28
4.0,2019-11-01 00:23:35
1.0,2019-11-01 00:23:47
2.0,2019-11-01 00:23:56
4.0,2019-11-01 00:24:04
11.0,2019-11-01 00:24:13
22.0,2019-11-01 00:24:23
5.0,2019-11-01 00:24:31
2.0,2019-11-01 00:24:46
21.0,2019-11-01 00:24:57
1.0,2019-11-01 00:25:08
1.0,2019-11-01 00:25:19
6.0,2019-11-01 00:25:30
3.0,2019-11-01 00:25:39
0.0,2019-11-01 00:25:52
4.0,2019-11-01 00:26:01
213.0,2019-11-01 00:26:21
1.0,2019-11-01 00:26:42
0.0,2019-11-01 00:26:55
0.0,2019-11-01 00:27:06
7.0,2019-11-01 00:27:17
1.0,2019-11-01 00:27:26
1.0,2019-11-01 00:27:36
2.0,2019-11-01 00:27:45
4.0,2019-11-01 00:27:57
6.0,2019-11-01 00:28:08
7.0,2019-11-01 00:28:19
1.0,2019-11-01 00:28:36
2.0,2019-11-01 00:28:58
2.0,2019-11-01 00:29:09
9.0,2019-11-01 00:29:20
3.0,2019-11-01 00:29:32
14.0,2019-11-01 00:29:46
3.0,2019-11-01 00:29:56
2.0,2019-11-01 00:30:07
4.0,2019-11-01 00:30:16
14.0,2019-11-01 00:30:24
3.0,2019-11-01 00:30:34
1.0,2019-11-01 00:30:44
1.0,2019-11-01 00:30:57
4.0,2019-11-01 00:31:06
0.0,2019-11-01 00:31:17
2.0,2019-11-01 00:31:27
7.0,2019-11-01 00:31:38
59.0,2019-11-01 00:31:49
1.0,2019-11-01 00:32:11
1.0,2019-11-01 00:32:22
5.0,2019-11-01 00:32:29
7.0,2019-11-01 00:32:37
5.0,2019-11-01 00:32:47
0.0,2019-11-01 00:32:58
163.0,2019-11-01 00:33:06
3.0,2019-11-01 00:33:11
7.0,2019-11-01 00:33:22
1.0,2019-11-01 00:33:34
6.0,2019-11-01 00:33:44
5.0,2019-11-01 00:33:55
2.0,2019-11-01 00:34:04
2.0,2019-11-01 00:34:15
2.0,2019-11-01 00:34:26
2.0,2019-11-01 00:34:37
1.0,2019-11-01 00:34:48
8.0,2019-11-01 00:34:57
3.0,2019-11-01 00:35:08
47.0,2019-11-01 00:35:19
0.0,2019-11-01 00:35:37
2.0,2019-11-01 00:35:47
15.0,2019-11-01 00:35:58
7.0,2019-11-01 00:36:08
6.0,2019-11-01 00:36:16
4.0,2019-11-01 00:36:25
8.0,2019-11-01 00:36:36
120.0,2019-11-01 00:36:39
0.0,2019-11-01 00:36:49
0.0,2019-11-01 00:37:05
11.0,2019-11-01 00:37:22
2.0,2019-11-01 00:37:39
5.0,2019-11-01 00:37:59
5.0,2019-11-01 00:38:13
0.0,2019-11-01 00:38:29
1.0,2019-11-01 00:38:36
1.0,2019-11-01 00:38:50
0.0,2019-11-01 00:38:57
0.0,2019-11-01 00:39:08
6.0,2019-11-01 00:39:18
2.0,2019-11-01 00:39:20
2.0,2019-11-01 00:39:30
1.0,2019-11-01 00:39:40
2.0,2019-11-01 00:40:02
11.0,2019-11-01 00:40:12
5.0,2019-11-01 00:40:28
8.0,2019-11-01 00:40:39
13.0,2019-11-01 00:40:50
3.0,2019-11-01 00:41:10
43.0,2019-11-01 00:41:21
2.0,2019-11-01 00:41:42
11.0,2019-11-01 00:42:01
7.0,2019-11-01 00:42:10
4.0,2019-11-01 00:42:26
0.0,2019-11-01 00:42:37
2.0,2019-11-01 00:42:51
4.0,2019-11-01 00:43:01
1.0,2019-11-01 00:43:10
2.0,2019-11-01 00:43:21
1.0,2019-11-01 00:43:34
6.0,2019-11-01 00:43:43
1.0,2019-11-01 00:43:54
6.0,2019-11-01 00:44:04
1.0,2019-11-01 00:44:19
17.0,2019-11-01 00:44:25
3.0,2019-11-01 00:44:35
4.0,2019-11-01 00:44:46
4.0,2019-11-01 00:44:56
10.0,2019-11-01 00:45:06
221.0,2019-11-01 00:45:12
2.0,2019-11-01 00:45:24
7.0,2019-11-01 00:45:37
3.0,2019-11-01 00:45:48
0.0,2019-11-01 00:45:58
8.0,2019-11-01 00:46:10
0.0,2019-11-01 00:46:20
1.0,2019-11-01 00:46:29
11.0,2019-11-01 00:46:40
8.0,2019-11-01 00:46:58
6.0,2019-11-01 00:47:07
40.0,2019-11-01 00:47:09
13.0,2019-11-01 00:47:18
0.0,2019-11-01 00:47:39
0.0,2019-11-01 00:47:59
6.0,2019-11-01 00:48:10
5.0,2019-11-01 00:48:12
0.0,2019-11-01 00:48:21
10.0,2019-11-01 00:48:33
0.0,2019-11-01 00:48:46
2.0,2019-11-01 00:48:56
1.0,2019-11-01 00:49:15
3.0,2019-11-01 00:49:22
8.0,2019-11-01 00:49:41
3.0,2019-11-01 00:50:01
10.0,2019-11-01 00:50:12
1.0,2019-11-01 00:50:21
2.0,2019-11-01 00:50:32
1.0,2019-11-01 00:50:48
1.0,2019-11-01 00:50:55
0.0,2019-11-01 00:51:04
3.0,2019-11-01 00:51:17
0.0,2019-11-01 00:51:26
11.0,2019-11-01 00:51:37
3.0,2019-11-01 00:51:45
3.0,2019-11-01 00:51:52
11.0,2019-11-01 00:52:03
2.0,2019-11-01 00:52:14
2.0,2019-11-01 00:52:24
11.0,2019-11-01 00:52:35
3.0,2019-11-01 00:52:46
5.0,2019-11-01 00:52:57
13.0,2019-11-01 00:53:08
0.0,2019-11-01 00:53:25
1.0,2019-11-01 00:53:36
1.0,2019-11-01 00:53:45
6.0,2019-11-01 00:53:56
6.0,2019-11-01 00:54:01
0.0,2019-11-01 00:54:11
5.0,2019-11-01 00:54:26
4.0,2019-11-01 00:54:35
2.0,2019-11-01 00:54:46
14.0,2019-11-01 00:54:57
3.0,2019-11-01 00:55:08
7.0,2019-11-01 00:55:16
4.0,2019-11-01 00:55:27
1.0,2019-11-01 00:55:37
27.0,2019-11-01 00:55:46
3.0,2019-11-01 00:55:53
3.0,2019-11-01 00:56:14
2.0,2019-11-01 00:56:23
1.0,2019-11-01 00:56:33
1.0,2019-11-01 00:56:45
3.0,2019-11-01 00:56:54
3.0,2019-11-01 00:57:03
5.0,2019-11-01 00:57:16
2.0,2019-11-01 00:57:26
0.0,2019-11-01 00:57:37
4.0,2019-11-01 00:57:48
2.0,2019-11-01 00:58:01
22.0,2019-11-01 00:58:10
1.0,2019-11-01 00:58:21
3.0,2019-11-01 00:58:32
1.0,2019-11-01 00:58:43
10.0,2019-11-01 00:58:54
3.0,2019-11-01 00:59:05
0.0,2019-11-01 00:59:18
15.0,2019-11-01 00:59:21
6.0,2019-11-01 00:59:32
0.0,2019-11-01 00:59:43
5.0,2019-11-01 00:59:53
3.0,2019-11-01 01:00:03
3.0,2019-11-01 01:00:18
18.0,2019-11-01 01:00:30
1.0,2019-11-01 01:00:50
5.0,2019-11-01 01:01:00
5.0,2019-11-01 01:01:11
6.0,2019-11-01 01:01:22
3.0,2019-11-01 01:01:33
10.0,2019-11-01 01:01:42
1.0,2019-11-01 01:01:53
2.0,2019-11-01 01:02:04
5.0,2019-11-01 01:02:14
0.0,2019-11-01 01:02:24
5.0,2019-11-01 01:02:35
9.0,2019-11-01 01:02:46
3.0,2019-11-01 01:02:57
13.0,2019-11-01 01:03:08
10.0,2019-11-01 01:03:19
1.0,2019-11-01 01:03:30
4.0,2019-11-01 01:03:41
0.0,2019-11-01 01:03:52
1.0,2019-11-01 01:04:03
2.0,2019-11-01 01:04:30
1.0,2019-11-01 01:04:41
4.0,2019-11-01 01:04:51
1.0,2019-11-01 01:05:02
1.0,2019-11-01 01:05:15
1.0,2019-11-01 01:05:34
6.0,2019-11-01 01:05:45
3.0,2019-11-01 01:05:56
3.0,2019-11-01 01:06:07
2.0,2019-11-01 01:06:28
15.0,2019-11-01 01:06:41
2.0,2019-11-01 01:06:50
6.0,2019-11-01 01:06:59
2.0,2019-11-01 01:07:10
6.0,2019-11-01 01:07:20
2.0,2019-11-01 01:07:30
1.0,2019-11-01 01:07:41
0.0,2019-11-01 01:07:52
14.0,2019-11-01 01:07:58
12.0,2019-11-01 01:08:14
9.0,2019-11-01 01:08:28
0.0,2019-11-01 01:08:38
7.0,2019-11-01 01:08:48
3.0,2019-11-01 01:08:57
2.0,2019-11-01 01:09:08
0.0,2019-11-01 01:09:18
22.0,2019-11-01 01:09:20
9.0,2019-11-01 01:09:29
2.0,2019-11-01 01:09:40
5.0,2019-11-01 01:09:50
3.0,2019-11-01 01:10:02
5.0,2019-11-01 01:10:13
0.0,2019-11-01 01:10:40
5.0,2019-11-01 01:11:02
1.0,2019-11-01 01:11:15
2.0,2019-11-01 01:11:24
4.0,2019-11-01 01:11:38
1.0,2019-11-01 01:11:47
13.0,2019-11-01 01:11:58
22.0,2019-11-01 01:12:00
0.0,2019-11-01 01:12:09
15.0,2019-11-01 01:12:19
3.0,2019-11-01 01:12:34
2.0,2019-11-01 01:12:45
1.0,2019-11-01 01:12:56
1.0,2019-11-01 01:13:07
0.0,2019-11-01 01:13:18
3.0,2019-11-01 01:13:26
0.0,2019-11-01 01:13:37
3.0,2019-11-01 01:13:48
15.0,2019-11-01 01:13:54
0.0,2019-11-01 01:14:05
4.0,2019-11-01 01:14:15
0.0,2019-11-01 01:14:27
2.0,2019-11-01 01:14:37
17.0,2019-11-01 01:14:45
2.0,2019-11-01 01:14:56
1.0,2019-11-01 01:15:05
0.0,2019-11-01 01:15:18
4.0,2019-11-01 01:15:28
11.0,2019-11-01 01:15:39
9.0,2019-11-01 01:15:50
0.0,2019-11-01 01:16:11
1.0,2019-11-01 01:16:31
3.0,2019-11-01 01:16:53
1.0,2019-11-01 01:17:09
15.0,2019-11-01 01:17:17
0.0,2019-11-01 01:17:27
4.0,2019-11-01 01:17:37
13.0,2019-11-01 01:17:48
1.0,2019-11-01 01:17:59
26.0,2019-11-01 01:18:10
5.0,2019-11-01 01:18:20
1.0,2019-11-01 01:18:34
2.0,2019-11-01 01:18:45
0.0,2019-11-01 01:18:56
0.0,2019-11-01 01:19:05
3.0,2019-11-01 01:19:16
6.0,2019-11-01 01:19:27
10.0,2019-11-01 01:19:35
2.0,2019-11-01 01:19:43
1.0,2019-11-01 01:19:52
12.0,2019-11-01 01:20:02
8.0,2019-11-01 01:20:20
1.0,2019-11-01 01:20:35
4.0,2019-11-01 01:20:46
6.0,2019-11-01 01:20:56
0.0,2019-11-01 01:21:21
0.0,2019-11-01 01:21:32
1.0,2019-11-01 01:21:43
6.0,2019-11-01 01:22:00
10.0,2019-11-01 01:22:11
0.0,2019-11-01 01:22:22
5.0,2019-11-01 01:22:33
3.0,2019-11-01 01:22:44
7.0,2019-11-01 01:22:55
9.0,2019-11-01 01:23:06
19.0,2019-11-01 01:23:16
8.0,2019-11-01 01:23:25
0.0,2019-11-01 01:23:36
0.0,2019-11-01 01:23:47
4.0,2019-11-01 01:24:03
4.0,2019-11-01 01:24:14
1.0,2019-11-01 01:24:28
2.0,2019-11-01 01:24:37
2.0,2019-11-01 01:24:48
3.0,2019-11-01 01:24:57
11.0,2019-11-01 01:25:08
10.0,2019-11-01 01:25:18
19.0,2019-11-01 01:25:29
1.0,2019-11-01 01:25:46
3.0,2019-11-01 01:25:59
4.0,2019-11-01 01:26:10
81.0,2019-11-01 01:26:26
1.0,2019-11-01 01:26:37
12.0,2019-11-01 01:26:47
3.0,2019-11-01 01:26:57
14.0,2019-11-01 01:27:08
3.0,2019-11-01 01:27:19
2.0,2019-11-01 01:27:30
0.0,2019-11-01 01:27:39
26.0,2019-11-01 01:27:44
5.0,2019-11-01 01:27:52
1.0,2019-11-01 01:28:04
12.0,2019-11-01 01:28:14
2.0,2019-11-01 01:28:24
4.0,2019-11-01 01:28:34
2.0,2019-11-01 01:28:44
3.0,2019-11-01 01:28:55
2.0,2019-11-01 01:29:05
8.0,2019-11-01 01:29:27
9.0,2019-11-01 01:29:37
6.0,2019-11-01 01:29:45
3.0,2019-11-01 01:29:59
2.0,2019-11-01 01:30:19
2.0,2019-11-01 01:30:40
1.0,2019-11-01 01:30:49
1.0,2019-11-01 01:30:59
36.0,2019-11-01 01:31:10
1.0,2019-11-01 01:31:28
4.0,2019-11-01 01:31:34
2.0,2019-11-01 01:31:44
0.0,2019-11-01 01:31:55
4.0,2019-11-01 01:32:03
0.0,2019-11-01 01:32:13
0.0,2019-11-01 01:32:22
1.0,2019-11-01 01:32:33
6.0,2019-11-01 01:32:42
2.0,2019-11-01 01:32:52
1.0,2019-11-01 01:33:17
8.0,2019-11-01 01:33:27
5.0,2019-11-01 01:33:41
1.0,2019-11-01 01:33:51
5.0,2019-11-01 01:34:05
6.0,2019-11-01 01:34:16
2.0,2019-11-01 01:34:27
7.0,2019-11-01 01:34:37
1.0,2019-11-01 01:34:50
2.0,2019-11-01 01:35:01
2.0,2019-11-01 01:35:07
2.0,2019-11-01 01:35:24
0.0,2019-11-01 01:35:37
7.0,2019-11-01 01:35:48
2.0,2019-11-01 01:36:05
2.0,2019-11-01 01:36:18
8.0,2019-11-01 01:36:33
10.0,2019-11-01 01:36:44
2.0,2019-11-01 01:36:57
17.0,2019-11-01 01:37:06
0.0,2019-11-01 01:37:17
1.0,2019-11-01 01:37:28
3.0,2019-11-01 01:37:38
8.0,2019-11-01 01:37:48
0.0,2019-11-01 01:37:57
0.0,2019-11-01 01:38:08
1.0,2019-11-01 01:38:19
2.0,2019-11-01 01:38:30
2.0,2019-11-01 01:38:41
7.0,2019-11-01 01:38:47
4.0,2019-11-01 01:38:58
4.0,2019-11-01 01:39:08
8.0,2019-11-01 01:39:28
0.0,2019-11-01 01:39:34
0.0,2019-11-01 01:39:45
0.0,2019-11-01 01:39:58
28.0,2019-11-01 01:40:00
0.0,2019-11-01 01:40:10
1.0,2019-11-01 01:40:29
3.0,2019-11-01 01:40:42
4.0,2019-11-01 01:40:52
0.0,2019-11-01 01:41:03
3.0,2019-11-01 01:41:12
0.0,2019-11-01 01:41:22
4.0,2019-11-01 01:41:42
0.0,2019-11-01 01:41:52
0.0,2019-11-01 01:42:00
3.0,2019-11-01 01:42:11
4.0,2019-11-01 01:42:22
0.0,2019-11-01 01:42:32
1.0,2019-11-01 01:42:43
4.0,2019-11-01 01:42:54
1.0,2019-11-01 01:43:09
12.0,2019-11-01 01:43:20
4.0,2019-11-01 01:43:32
7.0,2019-11-01 01:43:52
0.0,2019-11-01 01:44:04
0.0,2019-11-01 01:44:14
13.0,2019-11-01 01:44:26
11.0,2019-11-01 01:44:35
3.0,2019-11-01 01:44:46
3.0,2019-11-01 01:44:57
5.0,2019-11-01 01:45:06
1.0,2019-11-01 01:45:13
5.0,2019-11-01 01:45:28
25.0,2019-11-01 01:45:37
3.0,2019-11-01 01:45:48
2.0,2019-11-01 01:45:58
8.0,2019-11-01 01:46:01
2.0,2019-11-01 01:46:12
12.0,2019-11-01 01:46:23
2.0,2019-11-01 01:46:33
1.0,2019-11-01 01:46:51
19.0,2019-11-01 01:46:52
3.0,2019-11-01 01:47:11
2.0,2019-11-01 01:47:22
8.0,2019-11-01 01:47:32
2.0,2019-11-01 01:47:48
0.0,2019-11-01 01:47:58
8.0,2019-11-01 01:48:09
0.0,2019-11-01 01:48:17
13.0,2019-11-01 01:48:27
2.0,2019-11-01 01:48:38
3.0,2019-11-01 01:48:48
5.0,2019-11-01 01:48:58
0.0,2019-11-01 01:49:06
11.0,2019-11-01 01:49:12
2.0,2019-11-01 01:49:24
2.0,2019-11-01 01:49:33
2.0,2019-11-01 01:49:44
6.0,2019-11-01 01:50:09
3.0,2019-11-01 01:50:30
7.0,2019-11-01 01:50:37
5.0,2019-11-01 01:50:48
0.0,2019-11-01 01:50:57
1.0,2019-11-01 01:51:08
1.0,2019-11-01 01:51:17
12.0,2019-11-01 01:51:22
0.0,2019-11-01 01:51:39
7.0,2019-11-01 01:51:49
2.0,2019-11-01 01:52:00
1.0,2019-11-01 01:52:11
0.0,2019-11-01 01:52:22
1.0,2019-11-01 01:52:39
3.0,2019-11-01 01:52:59
11.0,2019-11-01 01:53:12
17.0,2019-11-01 01:53:19
3.0,2019-11-01 01:53:26
6.0,2019-11-01 01:53:35
3.0,2019-11-01 01:53:46
1.0,2019-11-01 01:53:57
3.0,2019-11-01 01:54:08
10.0,2019-11-01 01:54:19
0.0,2019-11-01 01:54:30
0.0,2019-11-01 01:54:41
4.0,2019-11-01 01:54:50
4.0,2019-11-01 01:55:11
0.0,2019-11-01 01:55:22
2.0,2019-11-01 01:55:32
0.0,2019-11-01 01:55:39
2.0,2019-11-01 01:56:00
10.0,2019-11-01 01:56:07
21.0,2019-11-01 01:56:27
1.0,2019-11-01 01:56:42
2.0,2019-11-01 01:56:53
7.0,2019-11-01 01:57:04
8.0,2019-11-01 01:57:15
9.0,2019-11-01 01:57:33
1.0,2019-11-01 01:57:42
1.0,2019-11-01 01:57:51
4.0,2019-11-01 01:58:13
3.0,2019-11-01 01:58:23
6.0,2019-11-01 01:58:35
2.0,2019-11-01 01:58:46
11.0,2019-11-01 01:58:57
2.0,2019-11-01 01:59:07
21.0,2019-11-01 01:59:09
4.0,2019-11-01 01:59:26
5.0,2019-11-01 01:59:37
0.0,2019-11-01 01:59:48
1.0,2019-11-01 01:59:53
2.0,2019-11-01 02:00:04
1.0,2019-11-01 02:00:17
2.0,2019-11-01 02:00:27
4.0,2019-11-01 02:00:38
0.0,2019-11-01 02:00:49
5.0,2019-11-01 02:00:58
5.0,2019-11-01 02:01:03
6.0,2019-11-01 02:01:14
0.0,2019-11-01 02:01:35
3.0,2019-11-01 02:01:46
8.0,2019-11-01 02:01:49
8.0,2019-11-01 02:01:59
2.0,2019-11-01 02:02:10
0.0,2019-11-01 02:02:21
1.0,2019-11-01 02:02:31
1.0,2019-11-01 02:02:42
9.0,2019-11-01 02:02:55
4.0,2019-11-01 02:03:08
1.0,2019-11-01 02:03:19
4.0,2019-11-01 02:03:41
2.0,2019-11-01 02:03:46
2.0,2019-11-01 02:04:06
8.0,2019-11-01 02:04:12
1.0,2019-11-01 02:04:26
1.0,2019-11-01 02:04:36
2.0,2019-11-01 02:04:48
4.0,2019-11-01 02:04:54
0.0,2019-11-01 02:05:05
5.0,2019-11-01 02:05:14
2.0,2019-11-01 02:05:24
0.0,2019-11-01 02:05:36
0.0,2019-11-01 02:05:56
4.0,2019-11-01 02:06:07
0.0,2019-11-01 02:06:18
4.0,2019-11-01 02:06:24
2.0,2019-11-01 02:06:35
2.0,2019-11-01 02:06:52
0.0,2019-11-01 02:07:04
1.0,2019-11-01 02:07:10
1.0,2019-11-01 02:07:29
3.0,2019-11-01 02:07:43
7.0,2019-11-01 02:07:52
4.0,2019-11-01 02:08:13
4.0,2019-11-01 02:08:23
6.0,2019-11-01 02:08:34
1.0,2019-11-01 02:08:52
3.0,2019-11-01 02:08:55
1.0,2019-11-01 02:09:05
2.0,2019-11-01 02:09:16
1.0,2019-11-01 02:09:30
0.0,2019-11-01 02:09:32
1.0,2019-11-01 02:09:41
105.0,2019-11-01 02:09:52
0.0,2019-11-01 02:10:01
1.0,2019-11-01 02:10:18
7.0,2019-11-01 02:10:28
1.0,2019-11-01 02:10:49
11.0,2019-11-01 02:10:51
0.0,2019-11-01 02:10:59
5.0,2019-11-01 02:11:19
0.0,2019-11-01 02:11:29
0.0,2019-11-01 02:11:54
0.0,2019-11-01 02:12:11
2.0,2019-11-01 02:12:13
2.0,2019-11-01 02:12:29
0.0,2019-11-01 02:12:36
0.0,2019-11-01 02:12:47
11.0,2019-11-01 02:12:58
11.0,2019-11-01 02:13:07
20.0,2019-11-01 02:13:16
9.0,2019-11-01 02:13:31
0.0,2019-11-01 02:13:42
5.0,2019-11-01 02:13:55
46.0,2019-11-01 02:14:05
0.0,2019-11-01 02:14:24
0.0,2019-11-01 02:14:35
2.0,2019-11-01 02:14:46
0.0,2019-11-01 02:14:57
9.0,2019-11-01 02:15:11
1.0,2019-11-01 02:15:21
1.0,2019-11-01 02:15:41
2.0,2019-11-01 02:15:52
3.0,2019-11-01 02:16:03
19.0,2019-11-01 02:16:13
0.0,2019-11-01 02:16:23
6.0,2019-11-01 02:16:34
10.0,2019-11-01 02:16:49
3.0,2019-11-01 02:16:59
1.0,2019-11-01 02:17:21
6.0,2019-11-01 02:17:32
0.0,2019-11-01 02:17:43
2.0,2019-11-01 02:17:54
0.0,2019-11-01 02:18:07
2.0,2019-11-01 02:18:21
0.0,2019-11-01 02:18:32
4.0,2019-11-01 02:18:42
61.0,2019-11-01 02:18:52
0.0,2019-11-01 02:19:12
50.0,2019-11-01 02:19:23
3.0,2019-11-01 02:19:34
9.0,2019-11-01 02:19:43
15.0,2019-11-01 02:19:54
3.0,2019-11-01 02:20:05
3.0,2019-11-01 02:20:16
3.0,2019-11-01 02:20:27
1.0,2019-11-01 02:20:37
1.0,2019-11-01 02:20:48
3.0,2019-11-01 02:20:58
13.0,2019-11-01 02:21:09
24.0,2019-11-01 02:21:19
1.0,2019-11-01 02:21:30
1.0,2019-11-01 02:21:51
3.0,2019-11-01 02:22:12
4.0,2019-11-01 02:22:24
1.0,2019-11-01 02:22:34
5.0,2019-11-01 02:22:44
1.0,2019-11-01 02:23:02
5.0,2019-11-01 02:23:13
2.0,2019-11-01 02:23:24
5.0,2019-11-01 02:23:35
5.0,2019-11-01 02:23:45
1.0,2019-11-01 02:23:58
2.0,2019-11-01 02:24:09
2.0,2019-11-01 02:24:19
1.0,2019-11-01 02:24:40
3.0,2019-11-01 02:25:00
2.0,2019-11-01 02:25:10
1.0,2019-11-01 02:25:27
3.0,2019-11-01 02:25:38
3.0,2019-11-01 02:25:46
0.0,2019-11-01 02:25:56
0.0,2019-11-01 02:26:27
3.0,2019-11-01 02:26:37
23.0,2019-11-01 02:26:48
67.0,2019-11-01 02:26:58
6.0,2019-11-01 02:27:20
0.0,2019-11-01 02:27:22
0.0,2019-11-01 02:27:32
0.0,2019-11-01 02:27:44
0.0,2019-11-01 02:27:53
5.0,2019-11-01 02:28:06
4.0,2019-11-01 02:28:16
8.0,2019-11-01 02:28:26
2.0,2019-11-01 02:28:41
6.0,2019-11-01 02:28:51
7.0,2019-11-01 02:29:01
3.0,2019-11-01 02:29:11
0.0,2019-11-01 02:29:27
1.0,2019-11-01 02:29:38
5.0,2019-11-01 02:29:53
0.0,2019-11-01 02:30:04
1.0,2019-11-01 02:30:29
0.0,2019-11-01 02:30:53
0.0,2019-11-01 02:31:08
4.0,2019-11-01 02:31:14
4.0,2019-11-01 02:31:23
0.0,2019-11-01 02:31:34
1.0,2019-11-01 02:31:45
5.0,2019-11-01 02:31:56
6.0,2019-11-01 02:32:09
2.0,2019-11-01 02:32:33
4.0,2019-11-01 02:32:43
1.0,2019-11-01 02:33:01
3.0,2019-11-01 02:33:12
2.0,2019-11-01 02:33:23
0.0,2019-11-01 02:33:34
5.0,2019-11-01 02:33:45
10.0,2019-11-01 02:33:55
1.0,2019-11-01 02:34:12
6.0,2019-11-01 02:34:23
2.0,2019-11-01 02:34:34
1.0,2019-11-01 02:34:47
11.0,2019-11-01 02:34:56
0.0,2019-11-01 02:35:07
3.0,2019-11-01 02:35:18
7.0,2019-11-01 02:35:22
3.0,2019-11-01 02:35:34
3.0,2019-11-01 02:35:42
1.0,2019-11-01 02:35:53
5.0,2019-11-01 02:36:01
0.0,2019-11-01 02:36:12
2.0,2019-11-01 02:36:21
1.0,2019-11-01 02:36:47
4.0,2019-11-01 02:36:54
2.0,2019-11-01 02:37:19
1.0,2019-11-01 02:37:39
0.0,2019-11-01 02:37:54
9.0,2019-11-01 02:38:04
2.0,2019-11-01 02:38:15
2.0,2019-11-01 02:38:25
0.0,2019-11-01 02:38:47
1.0,2019-11-01 02:38:58
3.0,2019-11-01 02:39:19
3.0,2019-11-01 02:39:40
42.0,2019-11-01 02:39:44
1.0,2019-11-01 02:39:55
1.0,2019-11-01 02:40:04
1.0,2019-11-01 02:40:13
6.0,2019-11-01 02:40:23
3.0,2019-11-01 02:40:34
11.0,2019-11-01 02:40:46
7.0,2019-11-01 02:40:56
8.0,2019-11-01 02:41:01
2.0,2019-11-01 02:41:13
1.0,2019-11-01 02:41:22
72.0,2019-11-01 02:41:31
1.0,2019-11-01 02:41:46
2.0,2019-11-01 02:41:57
2.0,2019-11-01 02:42:08
0.0,2019-11-01 02:42:19
0.0,2019-11-01 02:42:29
10.0,2019-11-01 02:42:33
2.0,2019-11-01 02:42:42
1.0,2019-11-01 02:42:53
2.0,2019-11-01 02:43:03
0.0,2019-11-01 02:43:11
0.0,2019-11-01 02:43:22
0.0,2019-11-01 02:43:33
0.0,2019-11-01 02:43:46
0.0,2019-11-01 02:43:55
7.0,2019-11-01 02:44:06
0.0,2019-11-01 02:44:35
5.0,2019-11-01 02:44:40
0.0,2019-11-01 02:45:07
11.0,2019-11-01 02:45:18
1.0,2019-11-01 02:45:28
0.0,2019-11-01 02:45:41
5.0,2019-11-01 02:45:51
2.0,2019-11-01 02:46:15
1.0,2019-11-01 02:46:27
17.0,2019-11-01 02:46:32
4.0,2019-11-01 02:46:43
6.0,2019-11-01 02:46:57
16.0,2019-11-01 02:47:09
2.0,2019-11-01 02:47:18
40.0,2019-11-01 02:47:28
0.0,2019-11-01 02:47:39
31.0,2019-11-01 02:47:46
6.0,2019-11-01 02:47:50
1.0,2019-11-01 02:48:11
3.0,2019-11-01 02:48:21
6.0,2019-11-01 02:48:32
2.0,2019-11-01 02:48:43
0.0,2019-11-01 02:48:56
0.0,2019-11-01 02:49:10
0.0,2019-11-01 02:49:23
2.0,2019-11-01 02:49:34
4.0,2019-11-01 02:49:50
2.0,2019-11-01 02:50:11
5.0,2019-11-01 02:50:19
2.0,2019-11-01 02:50:29
3.0,2019-11-01 02:50:40
4.0,2019-11-01 02:50:51
10.0,2019-11-01 02:51:02
1.0,2019-11-01 02:51:13
2.0,2019-11-01 02:51:28
3.0,2019-11-01 02:51:37
5.0,2019-11-01 02:51:43
1.0,2019-11-01 02:51:52
11.0,2019-11-01 02:52:00
4.0,2019-11-01 02:52:11
1.0,2019-11-01 02:52:22
1.0,2019-11-01 02:52:43
2.0,2019-11-01 02:53:02
1.0,2019-11-01 02:53:17
2.0,2019-11-01 02:53:37
15.0,2019-11-01 02:53:47
2.0,2019-11-01 02:53:58
0.0,2019-11-01 02:54:18
5.0,2019-11-01 02:54:29
3.0,2019-11-01 02:54:39
0.0,2019-11-01 02:55:00
1.0,2019-11-01 02:55:20
2.0,2019-11-01 02:55:30
0.0,2019-11-01 02:55:52
0.0,2019-11-01 02:56:05
5.0,2019-11-01 02:56:14
7.0,2019-11-01 02:56:24
8.0,2019-11-01 02:56:38
6.0,2019-11-01 02:56:47
0.0,2019-11-01 02:56:55
11.0,2019-11-01 02:57:04
4.0,2019-11-01 02:57:18
0.0,2019-11-01 02:57:29
1.0,2019-11-01 02:57:40
0.0,2019-11-01 02:57:49
12.0,2019-11-01 02:58:00
5.0,2019-11-01 02:58:11
3.0,2019-11-01 02:58:22
6.0,2019-11-01 02:58:33
2.0,2019-11-01 02:58:43
3.0,2019-11-01 02:58:53
2.0,2019-11-01 02:59:03
0.0,2019-11-01 02:59:14
0.0,2019-11-01 02:59:23
14.0,2019-11-01 02:59:34
0.0,2019-11-01 02:59:43
8.0,2019-11-01 03:00:01
0.0,2019-11-01 03:00:11
0.0,2019-11-01 03:00:21
1.0,2019-11-01 03:00:42
1.0,2019-11-01 03:00:54
0.0,2019-11-01 03:01:08
1.0,2019-11-01 03:01:17
2.0,2019-11-01 03:01:29
2.0,2019-11-01 03:01:51
3.0,2019-11-01 03:02:12
4.0,2019-11-01 03:02:27
6.0,2019-11-01 03:02:38
0.0,2019-11-01 03:03:00
5.0,2019-11-01 03:03:07
1.0,2019-11-01 03:03:17
4.0,2019-11-01 03:03:29
14.0,2019-11-01 03:03:38
7.0,2019-11-01 03:03:49
4.0,2019-11-01 03:04:11
0.0,2019-11-01 03:04:34
200.0,2019-11-01 03:04:39
9.0,2019-11-01 03:04:48
3.0,2019-11-01 03:04:59
5.0,2019-11-01 03:05:07
7.0,2019-11-01 03:05:17
2.0,2019-11-01 03:05:27
0.0,2019-11-01 03:05:38
1.0,2019-11-01 03:05:50
28.0,2019-11-01 03:05:51
3.0,2019-11-01 03:06:01
0.0,2019-11-01 03:06:21
15.0,2019-11-01 03:06:23
4.0,2019-11-01 03:06:32
0.0,2019-11-01 03:06:42
2.0,2019-11-01 03:06:52
2.0,2019-11-01 03:07:03
0.0,2019-11-01 03:07:18
2.0,2019-11-01 03:07:38
15.0,2019-11-01 03:07:49
2.0,2019-11-01 03:08:00
19.0,2019-11-01 03:08:11
6.0,2019-11-01 03:08:33
4.0,2019-11-01 03:08:48
10.0,2019-11-01 03:08:59
5.0,2019-11-01 03:09:03
2.0,2019-11-01 03:09:14
0.0,2019-11-01 03:09:24
1.0,2019-11-01 03:09:34
1.0,2019-11-01 03:09:55
5.0,2019-11-01 03:10:04
4.0,2019-11-01 03:10:15
1.0,2019-11-01 03:10:20
11.0,2019-11-01 03:10:40
0.0,2019-11-01 03:10:51
9.0,2019-11-01 03:11:04
3.0,2019-11-01 03:11:13
18.0,2019-11-01 03:11:22
0.0,2019-11-01 03:11:44
6.0,2019-11-01 03:11:52
0.0,2019-11-01 03:12:20
0.0,2019-11-01 03:12:31
7.0,2019-11-01 03:12:48
0.0,2019-11-01 03:13:07
0.0,2019-11-01 03:13:17
13.0,2019-11-01 03:13:26
2.0,2019-11-01 03:13:38
15.0,2019-11-01 03:13:41
2.0,2019-11-01 03:13:50
0.0,2019-11-01 03:14:19
16.0,2019-11-01 03:14:24
1.0,2019-11-01 03:14:34
0.0,2019-11-01 03:14:45
2.0,2019-11-01 03:14:56
2.0,2019-11-01 03:15:07
5.0,2019-11-01 03:15:17
6.0,2019-11-01 03:15:29
8.0,2019-11-01 03:15:39
2.0,2019-11-01 03:16:01
2.0,2019-11-01 03:16:12
1.0,2019-11-01 03:16:23
2.0,2019-11-01 03:16:35
0.0,2019-11-01 03:16:55
0.0,2019-11-01 03:17:15
4.0,2019-11-01 03:17:26
0.0,2019-11-01 03:17:36
3.0,2019-11-01 03:17:45
2.0,2019-11-01 03:17:56
2.0,2019-11-01 03:18:18
6.0,2019-11-01 03:18:29
6.0,2019-11-01 03:18:38
1.0,2019-11-01 03:18:56
0.0,2019-11-01 03:19:19
2.0,2019-11-01 03:19:29
0.0,2019-11-01 03:19:48
14.0,2019-11-01 03:19:58
17.0,2019-11-01 03:20:00
32.0,2019-11-01 03:20:09
1.0,2019-11-01 03:20:29
9.0,2019-11-01 03:20:39
1.0,2019-11-01 03:20:50
0.0,2019-11-01 03:20:59
2.0,2019-11-01 03:21:10
9.0,2019-11-01 03:21:16
0.0,2019-11-01 03:21:26
3.0,2019-11-01 03:21:37
0.0,2019-11-01 03:21:48
4.0,2019-11-01 03:21:56
2.0,2019-11-01 03:22:05
12.0,2019-11-01 03:22:16
0.0,2019-11-01 03:22:26
0.0,2019-11-01 03:22:47
1.0,2019-11-01 03:22:58
26.0,2019-11-01 03:23:09
0.0,2019-11-01 03:23:17
7.0,2019-11-01 03:23:28
9.0,2019-11-01 03:23:39
0.0,2019-11-01 03:23:50
0.0,2019-11-01 03:24:01
0.0,2019-11-01 03:24:17
0.0,2019-11-01 03:24:27
0.0,2019-11-01 03:24:37
0.0,2019-11-01 03:24:46
1.0,2019-11-01 03:25:04
1.0,2019-11-01 03:25:15
0.0,2019-11-01 03:25:26
0.0,2019-11-01 03:25:37
3.0,2019-11-01 03:25:47
6.0,2019-11-01 03:25:58
5.0,2019-11-01 03:26:17
2.0,2019-11-01 03:26:20
2.0,2019-11-01 03:26:33
2.0,2019-11-01 03:26:42
2.0,2019-11-01 03:26:52
0.0,2019-11-01 03:27:05
1.0,2019-11-01 03:27:14
2.0,2019-11-01 03:27:24
1.0,2019-11-01 03:27:34
1.0,2019-11-01 03:27:45
16.0,2019-11-01 03:27:56
4.0,2019-11-01 03:28:05
2.0,2019-11-01 03:28:15
0.0,2019-11-01 03:28:25
12.0,2019-11-01 03:28:37
1.0,2019-11-01 03:28:56
11.0,2019-11-01 03:29:06
1.0,2019-11-01 03:29:17
0.0,2019-11-01 03:29:27
4.0,2019-11-01 03:29:37
2.0,2019-11-01 03:29:47
0.0,2019-11-01 03:29:57
18.0,2019-11-01 03:30:08
4.0,2019-11-01 03:30:30
5.0,2019-11-01 03:30:50
2.0,2019-11-01 03:31:02
1.0,2019-11-01 03:31:32
0.0,2019-11-01 03:31:46
11.0,2019-11-01 03:31:55
12.0,2019-11-01 03:32:06
6.0,2019-11-01 03:32:16
0.0,2019-11-01 03:32:36
0.0,2019-11-01 03:32:52
1.0,2019-11-01 03:33:11
4.0,2019-11-01 03:33:27
4.0,2019-11-01 03:33:34
6.0,2019-11-01 03:33:44
11.0,2019-11-01 03:33:50
0.0,2019-11-01 03:34:02
14.0,2019-11-01 03:34:12
7.0,2019-11-01 03:34:24
2.0,2019-11-01 03:34:36
6.0,2019-11-01 03:34:40
8.0,2019-11-01 03:34:55
4.0,2019-11-01 03:35:01
0.0,2019-11-01 03:35:12
10.0,2019-11-01 03:35:21
0.0,2019-11-01 03:35:33
0.0,2019-11-01 03:35:50
3.0,2019-11-01 03:35:55
13.0,2019-11-01 03:35:58
5.0,2019-11-01 03:36:12
3.0,2019-11-01 03:36:20
0.0,2019-11-01 03:36:32
10.0,2019-11-01 03:36:39
3.0,2019-11-01 03:36:48
2.0,2019-11-01 03:36:59
8.0,2019-11-01 03:37:10
20.0,2019-11-01 03:37:22
1.0,2019-11-01 03:37:41
4.0,2019-11-01 03:37:55
3.0,2019-11-01 03:38:03
8.0,2019-11-01 03:38:09
5.0,2019-11-01 03:38:22
0.0,2019-11-01 03:38:36
1.0,2019-11-01 03:38:42
18.0,2019-11-01 03:38:52
0.0,2019-11-01 03:39:07
16.0,2019-11-01 03:39:12
0.0,2019-11-01 03:39:19
6.0,2019-11-01 03:39:30
0.0,2019-11-01 03:39:44
4.0,2019-11-01 03:39:54
3.0,2019-11-01 03:40:02
3.0,2019-11-01 03:40:10
1.0,2019-11-01 03:40:19
2.0,2019-11-01 03:40:31
4.0,2019-11-01 03:40:40
4.0,2019-11-01 03:40:52
4.0,2019-11-01 03:40:59
72.0,2019-11-01 03:41:09
0.0,2019-11-01 03:41:21
15.0,2019-11-01 03:41:32
0.0,2019-11-01 03:41:45
7.0,2019-11-01 03:41:50
6.0,2019-11-01 03:41:59
9.0,2019-11-01 03:42:15
0.0,2019-11-01 03:42:26
1.0,2019-11-01 03:42:32
0.0,2019-11-01 03:42:41
0.0,2019-11-01 03:42:55
1.0,2019-11-01 03:43:01
5.0,2019-11-01 03:43:19
0.0,2019-11-01 03:43:39
1.0,2019-11-01 03:43:50
2.0,2019-11-01 03:44:12
0.0,2019-11-01 03:44:26
2.0,2019-11-01 03:44:35
0.0,2019-11-01 03:44:45
1.0,2019-11-01 03:44:56
0.0,2019-11-01 03:45:07
0.0,2019-11-01 03:45:17
11.0,2019-11-01 03:45:27
0.0,2019-11-01 03:45:38
10.0,2019-11-01 03:45:40
4.0,2019-11-01 03:46:00
111.0,2019-11-01 03:46:10
4.0,2019-11-01 03:46:21
12.0,2019-11-01 03:46:30
2.0,2019-11-01 03:46:40
1.0,2019-11-01 03:47:03
1.0,2019-11-01 03:47:12
0.0,2019-11-01 03:47:49
3.0,2019-11-01 03:48:00
2.0,2019-11-01 03:48:13
0.0,2019-11-01 03:48:31
0.0,2019-11-01 03:48:42
2.0,2019-11-01 03:48:53
5.0,2019-11-01 03:49:03
0.0,2019-11-01 03:49:14
8.0,2019-11-01 03:49:25
2.0,2019-11-01 03:49:36
1.0,2019-11-01 03:49:44
1.0,2019-11-01 03:50:02
2.0,2019-11-01 03:50:12
0.0,2019-11-01 03:50:27
1.0,2019-11-01 03:50:49
2.0,2019-11-01 03:50:59
2.0,2019-11-01 03:51:09
3.0,2019-11-01 03:51:19
1.0,2019-11-01 03:51:31
12.0,2019-11-01 03:51:40
3.0,2019-11-01 03:51:51
1.0,2019-11-01 03:52:02
2.0,2019-11-01 03:52:13
1.0,2019-11-01 03:52:33
6.0,2019-11-01 03:52:42
0.0,2019-11-01 03:52:52
4.0,2019-11-01 03:53:10
0.0,2019-11-01 03:53:21
2.0,2019-11-01 03:53:37
12.0,2019-11-01 03:53:46
6.0,2019-11-01 03:53:57
2.0,2019-11-01 03:54:08
0.0,2019-11-01 03:54:18
2.0,2019-11-01 03:54:28
3.0,2019-11-01 03:54:39
2.0,2019-11-01 03:54:50
0.0,2019-11-01 03:55:04
6.0,2019-11-01 03:55:14
0.0,2019-11-01 03:55:24
1.0,2019-11-01 03:55:44
0.0,2019-11-01 03:55:55
2.0,2019-11-01 03:56:07
1.0,2019-11-01 03:56:29
5.0,2019-11-01 03:56:40
1.0,2019-11-01 03:57:00
0.0,2019-11-01 03:57:15
1.0,2019-11-01 03:57:24
0.0,2019-11-01 03:57:35
2.0,2019-11-01 03:57:46
0.0,2019-11-01 03:58:08
9.0,2019-11-01 03:58:19
1.0,2019-11-01 03:58:26
0.0,2019-11-01 03:58:41
21.0,2019-11-01 03:58:51
15.0,2019-11-01 03:58:58
10.0,2019-11-01 03:59:00
1.0,2019-11-01 03:59:10
4.0,2019-11-01 03:59:21
1.0,2019-11-01 03:59:32
1.0,2019-11-01 03:59:43
1.0,2019-11-01 03:59:52
3.0,2019-11-01 04:00:10
2.0,2019-11-01 04:00:17
3.0,2019-11-01 04:00:33
4.0,2019-11-01 04:00:44
1.0,2019-11-01 04:01:06
0.0,2019-11-01 04:01:17
2.0,2019-11-01 04:01:27
10.0,2019-11-01 04:01:38
6.0,2019-11-01 04:01:49
4.0,2019-11-01 04:02:00
2.0,2019-11-01 04:02:22
2.0,2019-11-01 04:02:33
3.0,2019-11-01 04:02:42
3.0,2019-11-01 04:02:53
2.0,2019-11-01 04:03:04
5.0,2019-11-01 04:03:15
0.0,2019-11-01 04:03:26
3.0,2019-11-01 04:03:34
1.0,2019-11-01 04:03:41
4.0,2019-11-01 04:04:01
5.0,2019-11-01 04:04:10
7.0,2019-11-01 04:04:27
0.0,2019-11-01 04:04:37
1.0,2019-11-01 04:04:48
5.0,2019-11-01 04:04:59
2.0,2019-11-01 04:05:09
3.0,2019-11-01 04:05:19
2.0,2019-11-01 04:05:29
23.0,2019-11-01 04:05:40
6.0,2019-11-01 04:05:51
0.0,2019-11-01 04:06:02
2.0,2019-11-01 04:06:14
2.0,2019-11-01 04:06:23
2.0,2019-11-01 04:06:34
1.0,2019-11-01 04:06:50
0.0,2019-11-01 04:07:00
4.0,2019-11-01 04:07:20
2.0,2019-11-01 04:07:31
5.0,2019-11-01 04:07:47
1.0,2019-11-01 04:08:04
1.0,2019-11-01 04:08:14
0.0,2019-11-01 04:08:25
2.0,2019-11-01 04:08:35
2.0,2019-11-01 04:08:42
1.0,2019-11-01 04:08:57
4.0,2019-11-01 04:09:07
1.0,2019-11-01 04:09:18
0.0,2019-11-01 04:09:39
5.0,2019-11-01 04:09:49
5.0,2019-11-01 04:10:00
1.0,2019-11-01 04:10:22
1.0,2019-11-01 04:10:33
6.0,2019-11-01 04:10:42
2.0,2019-11-01 04:10:53
0.0,2019-11-01 04:11:03
1.0,2019-11-01 04:11:13
3.0,2019-11-01 04:11:26
1.0,2019-11-01 04:11:47
2.0,2019-11-01 04:11:57
0.0,2019-11-01 04:12:07
0.0,2019-11-01 04:12:17
1.0,2019-11-01 04:12:27
5.0,2019-11-01 04:12:38
6.0,2019-11-01 04:12:48
3.0,2019-11-01 04:12:58
0.0,2019-11-01 04:13:06
0.0,2019-11-01 04:13:17
1.0,2019-11-01 04:13:27
1.0,2019-11-01 04:13:38
7.0,2019-11-01 04:13:49
1.0,2019-11-01 04:14:11
0.0,2019-11-01 04:14:22
0.0,2019-11-01 04:14:34
2.0,2019-11-01 04:14:41
1.0,2019-11-01 04:14:52
0.0,2019-11-01 04:15:03
0.0,2019-11-01 04:15:24
16.0,2019-11-01 04:15:35
2.0,2019-11-01 04:15:45
4.0,2019-11-01 04:15:56
8.0,2019-11-01 04:16:07
4.0,2019-11-01 04:16:18
12.0,2019-11-01 04:16:20
2.0,2019-11-01 04:16:29
1.0,2019-11-01 04:16:49
0.0,2019-11-01 04:17:00
2.0,2019-11-01 04:17:10
0.0,2019-11-01 04:17:25
20.0,2019-11-01 04:17:35
7.0,2019-11-01 04:17:46
2.0,2019-11-01 04:17:57
1.0,2019-11-01 04:18:08
4.0,2019-11-01 04:18:19
0.0,2019-11-01 04:18:32
2.0,2019-11-01 04:18:52
0.0,2019-11-01 04:19:10
0.0,2019-11-01 04:19:28
2.0,2019-11-01 04:19:50
1.0,2019-11-01 04:20:01
1.0,2019-11-01 04:20:38
12.0,2019-11-01 04:20:48
0.0,2019-11-01 04:21:10
0.0,2019-11-01 04:21:17
18.0,2019-11-01 04:21:27
0.0,2019-11-01 04:21:38
3.0,2019-11-01 04:21:49
1.0,2019-11-01 04:22:02
1.0,2019-11-01 04:22:11
3.0,2019-11-01 04:22:21
0.0,2019-11-01 04:22:30
1.0,2019-11-01 04:22:40
3.0,2019-11-01 04:23:00
2.0,2019-11-01 04:23:11
1.0,2019-11-01 04:23:22
0.0,2019-11-01 04:23:33
0.0,2019-11-01 04:23:40
0.0,2019-11-01 04:24:05
2.0,2019-11-01 04:24:15
0.0,2019-11-01 04:24:26
2.0,2019-11-01 04:24:36
3.0,2019-11-01 04:24:47
4.0,2019-11-01 04:24:56
11.0,2019-11-01 04:25:05
3.0,2019-11-01 04:25:16
11.0,2019-11-01 04:25:27
1.0,2019-11-01 04:25:48
2.0,2019-11-01 04:25:58
1.0,2019-11-01 04:26:08
2.0,2019-11-01 04:26:17
1.0,2019-11-01 04:26:28
8.0,2019-11-01 04:26:37
2.0,2019-11-01 04:26:48
6.0,2019-11-01 04:27:05
1.0,2019-11-01 04:27:19
3.0,2019-11-01 04:27:21
1.0,2019-11-01 04:27:30
10.0,2019-11-01 04:27:41
5.0,2019-11-01 04:27:52
0.0,2019-11-01 04:28:03
1.0,2019-11-01 04:28:14
0.0,2019-11-01 04:28:35
0.0,2019-11-01 04:28:44
4.0,2019-11-01 04:28:58
0.0,2019-11-01 04:29:20
7.0,2019-11-01 04:29:23
0.0,2019-11-01 04:29:34
0.0,2019-11-01 04:29:55
4.0,2019-11-01 04:30:06
6.0,2019-11-01 04:30:17
1.0,2019-11-01 04:30:28
51.0,2019-11-01 04:30:29
1.0,2019-11-01 04:30:48
4.0,2019-11-01 04:30:58
7.0,2019-11-01 04:31:09
5.0,2019-11-01 04:31:20
3.0,2019-11-01 04:31:25
2.0,2019-11-01 04:31:39
5.0,2019-11-01 04:31:45
10.0,2019-11-01 04:31:55
5.0,2019-11-01 04:32:04
0.0,2019-11-01 04:32:15
2.0,2019-11-01 04:32:26
0.0,2019-11-01 04:32:36
2.0,2019-11-01 04:32:47
4.0,2019-11-01 04:32:54
0.0,2019-11-01 04:33:24
7.0,2019-11-01 04:33:36
0.0,2019-11-01 04:33:45
0.0,2019-11-01 04:34:05
5.0,2019-11-01 04:34:15
2.0,2019-11-01 04:34:25
0.0,2019-11-01 04:34:36
1.0,2019-11-01 04:34:56
2.0,2019-11-01 04:35:13
0.0,2019-11-01 04:35:24
0.0,2019-11-01 04:35:35
3.0,2019-11-01 04:35:45
0.0,2019-11-01 04:36:21
1.0,2019-11-01 04:36:42
10.0,2019-11-01 04:36:53
2.0,2019-11-01 04:37:04
2.0,2019-11-01 04:37:15
12.0,2019-11-01 04:37:26
1.0,2019-11-01 04:37:32
4.0,2019-11-01 04:37:42
0.0,2019-11-01 04:37:53
1.0,2019-11-01 04:38:09
1.0,2019-11-01 04:38:22
7.0,2019-11-01 04:38:24
3.0,2019-11-01 04:38:32
4.0,2019-11-01 04:38:43
0.0,2019-11-01 04:38:54
3.0,2019-11-01 04:39:08
1.0,2019-11-01 04:39:19
9.0,2019-11-01 04:39:29
2.0,2019-11-01 04:39:40
5.0,2019-11-01 04:39:52
7.0,2019-11-01 04:40:05
7.0,2019-11-01 04:40:17
1.0,2019-11-01 04:40:27
2.0,2019-11-01 04:40:38
2.0,2019-11-01 04:41:00
2.0,2019-11-01 04:41:11
8.0,2019-11-01 04:41:22
3.0,2019-11-01 04:41:38
2.0,2019-11-01 04:41:48
0.0,2019-11-01 04:42:10
3.0,2019-11-01 04:42:21
3.0,2019-11-01 04:42:28
0.0,2019-11-01 04:42:39
3.0,2019-11-01 04:42:50
1.0,2019-11-01 04:43:13
11.0,2019-11-01 04:43:23
3.0,2019-11-01 04:43:31
2.0,2019-11-01 04:43:41
2.0,2019-11-01 04:44:02
0.0,2019-11-01 04:44:15
0.0,2019-11-01 04:44:26
1.0,2019-11-01 04:44:36
0.0,2019-11-01 04:44:47
0.0,2019-11-01 04:44:58
2.0,2019-11-01 04:45:09
3.0,2019-11-01 04:45:20
0.0,2019-11-01 04:45:35
2.0,2019-11-01 04:45:44
2.0,2019-11-01 04:45:55
2.0,2019-11-01 04:46:06
4.0,2019-11-01 04:46:17
8.0,2019-11-01 04:46:28
2.0,2019-11-01 04:46:38
2.0,2019-11-01 04:46:49
12.0,2019-11-01 04:46:51
7.0,2019-11-01 04:47:13
2.0,2019-11-01 04:47:22
0.0,2019-11-01 04:47:34
0.0,2019-11-01 04:47:44
0.0,2019-11-01 04:48:04
1.0,2019-11-01 04:48:17
2.0,2019-11-01 04:48:24
9.0,2019-11-01 04:48:34
1.0,2019-11-01 04:49:07
11.0,2019-11-01 04:49:10
1.0,2019-11-01 04:49:19
1.0,2019-11-01 04:49:50
2.0,2019-11-01 04:50:23
1.0,2019-11-01 04:50:34
4.0,2019-11-01 04:50:45
5.0,2019-11-01 04:50:55
2.0,2019-11-01 04:51:06
4.0,2019-11-01 04:51:17
2.0,2019-11-01 04:51:28
3.0,2019-11-01 04:51:37
14.0,2019-11-01 04:51:48
2.0,2019-11-01 04:51:59
2.0,2019-11-01 04:52:10
6.0,2019-11-01 04:52:23
0.0,2019-11-01 04:52:33
6.0,2019-11-01 04:52:54
2.0,2019-11-01 04:53:03
2.0,2019-11-01 04:53:14
5.0,2019-11-01 04:53:25
1.0,2019-11-01 04:53:34
1.0,2019-11-01 04:53:49
1.0,2019-11-01 04:53:59
0.0,2019-11-01 04:54:10
0.0,2019-11-01 04:54:22
1.0,2019-11-01 04:54:31
0.0,2019-11-01 04:54:42
2.0,2019-11-01 04:54:52
4.0,2019-11-01 04:55:02
0.0,2019-11-01 04:55:15
0.0,2019-11-01 04:55:24
0.0,2019-11-01 04:55:46
0.0,2019-11-01 04:55:57
1.0,2019-11-01 04:56:08
4.0,2019-11-01 04:56:19
5.0,2019-11-01 04:56:21
3.0,2019-11-01 04:56:30
0.0,2019-11-01 04:56:55
0.0,2019-11-01 04:57:05
6.0,2019-11-01 04:57:16
3.0,2019-11-01 04:57:36
22.0,2019-11-01 04:57:46
6.0,2019-11-01 04:57:57
3.0,2019-11-01 04:58:07
0.0,2019-11-01 04:58:13
0.0,2019-11-01 04:58:44
0.0,2019-11-01 04:58:55
0.0,2019-11-01 04:59:08
3.0,2019-11-01 04:59:18
13.0,2019-11-01 04:59:28
0.0,2019-11-01 04:59:50
1.0,2019-11-01 05:00:17
0.0,2019-11-01 05:00:29
0.0,2019-11-01 05:00:38
111.0,2019-11-01 05:00:48
0.0,2019-11-01 05:00:58
0.0,2019-11-01 05:01:07
0.0,2019-11-01 05:01:18
2.0,2019-11-01 05:01:29
15.0,2019-11-01 05:01:31
0.0,2019-11-01 05:01:48
0.0,2019-11-01 05:01:58
2.0,2019-11-01 05:02:09
0.0,2019-11-01 05:02:26
2.0,2019-11-01 05:02:48
5.0,2019-11-01 05:02:59
8.0,2019-11-01 05:03:10
0.0,2019-11-01 05:03:21
5.0,2019-11-01 05:03:31
2.0,2019-11-01 05:03:46
1686.0,2019-11-01 05:03:57
2.0,2019-11-01 05:04:17
0.0,2019-11-01 05:04:26
2.0,2019-11-01 05:04:36
1.0,2019-11-01 05:04:47
2.0,2019-11-01 05:05:00
1.0,2019-11-01 05:05:21
1.0,2019-11-01 05:05:31
0.0,2019-11-01 05:05:41
12.0,2019-11-01 05:05:52
1.0,2019-11-01 05:06:13
1.0,2019-11-01 05:06:33
0.0,2019-11-01 05:06:42
43.0,2019-11-01 05:06:53
0.0,2019-11-01 05:07:04
2.0,2019-11-01 05:07:14
0.0,2019-11-01 05:07:24
1.0,2019-11-01 05:07:34
0.0,2019-11-01 05:07:42
0.0,2019-11-01 05:07:50
1.0,2019-11-01 05:08:12
6.0,2019-11-01 05:08:15
0.0,2019-11-01 05:08:35
10.0,2019-11-01 05:08:45
0.0,2019-11-01 05:08:51
0.0,2019-11-01 05:09:10
0.0,2019-11-01 05:09:21
1.0,2019-11-01 05:09:32
3.0,2019-11-01 05:09:43
5.0,2019-11-01 05:09:51
0.0,2019-11-01 05:10:02
3.0,2019-11-01 05:10:11
1.0,2019-11-01 05:10:22
2.0,2019-11-01 05:10:33
8.0,2019-11-01 05:10:51
2.0,2019-11-01 05:11:01
0.0,2019-11-01 05:11:10
1.0,2019-11-01 05:11:21
1.0,2019-11-01 05:11:42
2.0,2019-11-01 05:11:52
0.0,2019-11-01 05:12:31
0.0,2019-11-01 05:12:45
1.0,2019-11-01 05:12:55
2.0,2019-11-01 05:13:06
2.0,2019-11-01 05:13:29
6.0,2019-11-01 05:13:52
0.0,2019-11-01 05:14:12
5.0,2019-11-01 05:14:22
1.0,2019-11-01 05:14:44
4.0,2019-11-01 05:14:55
2.0,2019-11-01 05:15:06
2.0,2019-11-01 05:15:17
0.0,2019-11-01 05:15:33
0.0,2019-11-01 05:15:43
2.0,2019-11-01 05:15:54
1.0,2019-11-01 05:16:09
8.0,2019-11-01 05:16:19
3.0,2019-11-01 05:16:29
3.0,2019-11-01 05:16:39
0.0,2019-11-01 05:16:44
5.0,2019-11-01 05:16:51
2.0,2019-11-01 05:17:02
0.0,2019-11-01 05:17:33
3.0,2019-11-01 05:17:49
4.0,2019-11-01 05:17:59
2.0,2019-11-01 05:18:19
4.0,2019-11-01 05:18:46
2.0,2019-11-01 05:18:57
3.0,2019-11-01 05:19:08
2.0,2019-11-01 05:19:19
5.0,2019-11-01 05:19:30
0.0,2019-11-01 05:19:38
3.0,2019-11-01 05:19:49
6.0,2019-11-01 05:20:00
7.0,2019-11-01 05:20:11
0.0,2019-11-01 05:20:22
2.0,2019-11-01 05:20:33
6.0,2019-11-01 05:20:43
0.0,2019-11-01 05:20:54
9.0,2019-11-01 05:21:04
2.0,2019-11-01 05:21:15
2.0,2019-11-01 05:21:24
1.0,2019-11-01 05:21:47
2.0,2019-11-01 05:21:57
35.0,2019-11-01 05:22:00
0.0,2019-11-01 05:22:13
5.0,2019-11-01 05:22:22
8.0,2019-11-01 05:22:39
4.0,2019-11-01 05:22:50
0.0,2019-11-01 05:23:19
6.0,2019-11-01 05:23:30
3.0,2019-11-01 05:23:43
1.0,2019-11-01 05:23:53
0.0,2019-11-01 05:24:03
1.0,2019-11-01 05:24:14
1.0,2019-11-01 05:24:24
0.0,2019-11-01 05:24:45
5.0,2019-11-01 05:24:55
3.0,2019-11-01 05:25:15
2.0,2019-11-01 05:25:29
2.0,2019-11-01 05:25:40
1.0,2019-11-01 05:25:50
6.0,2019-11-01 05:26:01
7.0,2019-11-01 05:26:12
0.0,2019-11-01 05:26:38
2.0,2019-11-01 05:26:58
2.0,2019-11-01 05:27:09
10.0,2019-11-01 05:27:20
2.0,2019-11-01 05:27:39
1.0,2019-11-01 05:27:59
5.0,2019-11-01 05:28:10
0.0,2019-11-01 05:28:16
6.0,2019-11-01 05:28:58
0.0,2019-11-01 05:29:11
2.0,2019-11-01 05:29:21
8.0,2019-11-01 12:38:23
0.0,2019-11-01 12:38:33
0.0,2019-11-01 12:38:44
0.0,2019-11-01 12:38:55
2.0,2019-11-01 12:39:06
2.0,2019-11-01 12:39:17
0.0,2019-11-01 12:39:24
2.0,2019-11-01 12:39:34
2.0,2019-11-01 12:39:45
7.0,2019-11-01 12:39:55
1.0,2019-11-01 12:40:06
2.0,2019-11-01 12:40:17
0.0,2019-11-01 12:40:36
7.0,2019-11-01 12:40:51
2.0,2019-11-01 12:41:01
1.0,2019-11-01 12:41:10
1.0,2019-11-01 12:41:32
0.0,2019-11-01 12:41:43
4.0,2019-11-01 12:41:54
2.0,2019-11-01 12:42:05
0.0,2019-11-01 12:42:16
0.0,2019-11-01 12:42:27
3.0,2019-11-01 12:42:38
6.0,2019-11-01 12:42:49
1.0,2019-11-01 12:43:00
1.0,2019-11-01 12:43:22
7.0,2019-11-01 12:43:33
5.0,2019-11-01 12:43:44
2.0,2019-11-01 12:43:51
0.0,2019-11-01 12:44:04
1.0,2019-11-01 12:44:14
1.0,2019-11-01 12:44:25
2.0,2019-11-01 12:44:35
1.0,2019-11-01 12:44:44
4.0,2019-11-01 12:44:55
10.0,2019-11-01 12:45:06
2.0,2019-11-01 12:45:17
3.0,2019-11-01 12:45:28
0.0,2019-11-01 12:45:35
1.0,2019-11-01 12:45:46
1.0,2019-11-01 12:45:56
0.0,2019-11-01 12:46:07
2.0,2019-11-01 12:46:18
5.0,2019-11-01 12:46:29
5.0,2019-11-01 12:46:31
4.0,2019-11-01 12:46:51
2.0,2019-11-01 12:47:06
0.0,2019-11-01 12:47:26
7.0,2019-11-01 12:47:37
0.0,2019-11-01 12:47:45
2.0,2019-11-01 12:47:56
2.0,2019-11-01 12:48:07
2.0,2019-11-01 12:48:18
1.0,2019-11-01 12:48:28
1.0,2019-11-01 12:48:43
2.0,2019-11-01 12:48:54
1.0,2019-11-01 12:49:04
2.0,2019-11-01 12:49:14
13.0,2019-11-01 12:49:21
4.0,2019-11-01 12:49:34
7.0,2019-11-01 12:49:45
0.0,2019-11-01 12:49:55
2.0,2019-11-01 12:50:06
15.0,2019-11-01 12:50:17
2.0,2019-11-01 12:50:38
2.0,2019-11-01 12:50:49
1.0,2019-11-01 12:51:11
0.0,2019-11-01 12:51:43
0.0,2019-11-01 12:51:54
1.0,2019-11-01 12:52:05
1.0,2019-11-01 12:52:16
5.0,2019-11-01 12:52:27
5.0,2019-11-01 12:52:38
4.0,2019-11-01 12:52:49
1.0,2019-11-01 12:53:09
0.0,2019-11-01 12:53:28
3.0,2019-11-01 12:53:39
4.0,2019-11-01 12:53:52
4.0,2019-11-01 12:54:02
4.0,2019-11-01 12:54:15
2.0,2019-11-01 12:54:30
16.0,2019-11-01 12:54:41
1.0,2019-11-01 12:54:52
0.0,2019-11-01 12:55:03
0.0,2019-11-01 12:55:14
1.0,2019-11-01 12:55:25
10.0,2019-11-01 12:55:37
2.0,2019-11-01 12:55:48
0.0,2019-11-01 12:55:58
5.0,2019-11-01 12:56:06
0.0,2019-11-01 12:56:17
5.0,2019-11-01 12:56:28
1.0,2019-11-01 12:56:49
8.0,2019-11-01 12:57:00
0.0,2019-11-01 12:57:13
2.0,2019-11-01 12:57:22
1.0,2019-11-01 12:57:43
1.0,2019-11-01 12:57:54
6.0,2019-11-01 12:58:05
10.0,2019-11-01 12:58:12
1.0,2019-11-01 12:58:23
1.0,2019-11-01 12:58:34
3.0,2019-11-01 12:58:43
6.0,2019-11-01 12:58:54
0.0,2019-11-01 12:59:05
2.0,2019-11-01 12:59:16
5.0,2019-11-01 12:59:28
0.0,2019-11-01 12:59:39
7.0,2019-11-01 12:59:57
2.0,2019-11-01 13:00:06
13.0,2019-11-01 13:00:17
1.0,2019-11-01 13:00:28
12.0,2019-11-01 13:00:39
2.0,2019-11-01 13:00:59
5.0,2019-11-01 13:01:19
31.0,2019-11-01 13:01:40
5.0,2019-11-01 13:01:49
1.0,2019-11-01 13:02:11
5.0,2019-11-01 13:02:22
9.0,2019-11-01 13:02:32
2.0,2019-11-01 13:02:42
14.0,2019-11-01 13:02:53
0.0,2019-11-01 13:03:04
2.0,2019-11-01 13:03:15
8.0,2019-11-01 13:03:26
0.0,2019-11-01 13:03:37
3.0,2019-11-01 13:03:47
4.0,2019-11-01 13:03:58
10.0,2019-11-01 13:04:07
11.0,2019-11-01 13:04:18
23.0,2019-11-01 13:04:29
0.0,2019-11-01 13:04:40
3.0,2019-11-01 13:05:00
5.0,2019-11-01 13:05:09
1.0,2019-11-01 13:05:31
11.0,2019-11-01 13:05:41
5.0,2019-11-01 13:05:54
5.0,2019-11-01 13:06:05
3.0,2019-11-01 13:06:16
2.0,2019-11-01 13:06:27
1.0,2019-11-01 13:06:36
2.0,2019-11-01 13:06:47
0.0,2019-11-01 13:06:50
3.0,2019-11-01 13:07:11
2.0,2019-11-01 13:07:21
7.0,2019-11-01 13:07:33
1.0,2019-11-01 13:07:41
1.0,2019-11-01 13:07:53
1.0,2019-11-01 13:08:02
0.0,2019-11-01 13:08:12
3.0,2019-11-01 13:08:21
1.0,2019-11-01 13:08:32
5.0,2019-11-01 13:08:43
6.0,2019-11-01 13:09:05
0.0,2019-11-01 13:09:15
2.0,2019-11-01 13:09:25
0.0,2019-11-01 13:09:36
3.0,2019-11-01 13:09:47
3.0,2019-11-01 13:09:55
3.0,2019-11-01 13:10:04
5.0,2019-11-01 13:10:13
1.0,2019-11-01 13:10:23
0.0,2019-11-01 13:10:34
3.0,2019-11-01 13:10:43
5.0,2019-11-01 13:10:55
5.0,2019-11-01 13:11:06
1.0,2019-11-01 13:11:22
13.0,2019-11-01 13:11:32
1.0,2019-11-01 13:11:43
26.0,2019-11-01 13:11:52
3.0,2019-11-01 13:12:10
0.0,2019-11-01 13:12:22
2.0,2019-11-01 13:12:37
10.0,2019-11-01 13:12:48
2.0,2019-11-01 13:12:59
1.0,2019-11-01 13:13:31
10.0,2019-11-01 13:13:41
2.0,2019-11-01 13:14:00
2.0,2019-11-01 13:14:11
3.0,2019-11-01 13:14:22
9.0,2019-11-01 13:14:33
1.0,2019-11-01 13:14:58
3.0,2019-11-01 13:15:05
20.0,2019-11-01 13:15:09
1.0,2019-11-01 13:15:39
3.0,2019-11-01 13:15:42
0.0,2019-11-01 13:15:53
6.0,2019-11-01 13:16:03
0.0,2019-11-01 13:16:16
0.0,2019-11-01 13:16:26
1.0,2019-11-01 13:16:37
12.0,2019-11-01 13:16:48
5.0,2019-11-01 13:16:59
2.0,2019-11-01 13:17:05
11.0,2019-11-01 13:17:15
1.0,2019-11-01 13:17:25
0.0,2019-11-01 13:17:36
13.0,2019-11-01 13:17:47
1.0,2019-11-01 13:17:58
0.0,2019-11-01 13:18:20
44.0,2019-11-01 13:18:23
1.0,2019-11-01 13:18:33
1.0,2019-11-01 13:18:44
36.0,2019-11-01 13:18:55
5.0,2019-11-01 13:19:06
11.0,2019-11-01 13:19:16
6.0,2019-11-01 13:19:26
10.0,2019-11-01 13:19:37
2.0,2019-11-01 13:19:48
10.0,2019-11-01 13:19:59
5.0,2019-11-01 13:20:10
3.0,2019-11-01 13:20:32
0.0,2019-11-01 13:20:51
6.0,2019-11-01 13:21:04
2.0,2019-11-01 13:21:13
11.0,2019-11-01 13:21:23
4.0,2019-11-01 13:21:34
3.0,2019-11-01 13:21:43
0.0,2019-11-01 13:22:05
0.0,2019-11-01 13:22:13
1.0,2019-11-01 13:22:21
4.0,2019-11-01 13:22:42
0.0,2019-11-01 13:22:53
2.0,2019-11-01 13:23:04
1.0,2019-11-01 13:23:15
0.0,2019-11-01 13:23:25
0.0,2019-11-01 13:23:36
1.0,2019-11-01 13:23:46
1.0,2019-11-01 13:23:57
0.0,2019-11-01 13:24:08
0.0,2019-11-01 13:24:16
2.0,2019-11-01 13:24:27
56.0,2019-11-01 13:24:37
2.0,2019-11-01 13:24:46
2.0,2019-11-01 13:24:58
1.0,2019-11-01 13:25:09
0.0,2019-11-01 13:25:30
1.0,2019-11-01 13:25:46
3.0,2019-11-01 13:25:57
10.0,2019-11-01 13:26:05
2.0,2019-11-01 13:26:16
1.0,2019-11-01 13:26:37
3.0,2019-11-01 13:26:47
1.0,2019-11-01 13:26:57
17.0,2019-11-01 13:27:00
4.0,2019-11-01 13:27:10
3.0,2019-11-01 13:27:21
0.0,2019-11-01 13:27:33
4.0,2019-11-01 13:27:42
1.0,2019-11-01 13:27:53
1.0,2019-11-01 13:28:04
0.0,2019-11-01 13:28:15
5.0,2019-11-01 13:28:36
3.0,2019-11-01 13:28:47
4.0,2019-11-01 13:28:58
24.0,2019-11-01 13:29:01
1.0,2019-11-01 13:29:11
3.0,2019-11-01 13:29:22
3.0,2019-11-01 13:29:33
0.0,2019-11-01 13:30:00
2.0,2019-11-01 13:30:11
1.0,2019-11-01 13:30:19
1.0,2019-11-01 13:30:40
2.0,2019-11-01 13:30:51
1.0,2019-11-01 13:31:13
2.0,2019-11-01 13:31:29
2.0,2019-11-01 13:31:47
5.0,2019-11-01 13:31:58
7.0,2019-11-01 13:32:08
0.0,2019-11-01 13:32:18
0.0,2019-11-01 13:32:28
5.0,2019-11-01 13:32:38
1.0,2019-11-01 13:32:48
2.0,2019-11-01 13:32:59
10.0,2019-11-01 13:33:10
3.0,2019-11-01 13:33:30
41.0,2019-11-01 13:33:41
3.0,2019-11-01 13:33:52
3.0,2019-11-01 13:34:03
70.0,2019-11-01 13:34:13
2.0,2019-11-01 13:34:24
9.0,2019-11-01 13:34:35
4.0,2019-11-01 13:34:43
5.0,2019-11-01 13:34:54
4.0,2019-11-01 13:35:05
2.0,2019-11-01 13:35:16
0.0,2019-11-01 13:35:22
0.0,2019-11-01 13:35:34
17.0,2019-11-01 13:35:43
3.0,2019-11-01 13:35:55
0.0,2019-11-01 13:36:05
3.0,2019-11-01 13:36:17
5.0,2019-11-01 13:36:23
7.0,2019-11-01 13:36:34
0.0,2019-11-01 13:36:43
0.0,2019-11-01 13:36:55
4.0,2019-11-01 13:37:06
5.0,2019-11-01 13:37:16
0.0,2019-11-01 13:37:27
14.0,2019-11-01 13:37:39
1.0,2019-11-01 13:38:01
10.0,2019-11-01 13:38:23
4.0,2019-11-01 13:38:34
2.0,2019-11-01 13:38:52
5.0,2019-11-01 13:39:03
2.0,2019-11-01 13:39:14
0.0,2019-11-01 13:39:24
2.0,2019-11-01 13:39:36
2.0,2019-11-01 13:39:45
1.0,2019-11-01 13:39:56
4.0,2019-11-01 13:40:07
0.0,2019-11-01 13:40:18
1.0,2019-11-01 13:40:29
2.0,2019-11-01 13:40:39
22.0,2019-11-01 13:40:48
2.0,2019-11-01 13:40:59
0.0,2019-11-01 13:41:09
25.0,2019-11-01 13:41:13
1.0,2019-11-01 13:41:24
0.0,2019-11-01 13:41:35
3.0,2019-11-01 13:41:48
0.0,2019-11-01 13:41:59
5.0,2019-11-01 13:42:09
30.0,2019-11-01 13:42:13
2.0,2019-11-01 13:42:34
0.0,2019-11-01 13:42:43
2.0,2019-11-01 13:42:55
3.0,2019-11-01 13:43:06
7.0,2019-11-01 13:43:16
2.0,2019-11-01 13:43:37
0.0,2019-11-01 13:43:48
0.0,2019-11-01 13:44:10
2.0,2019-11-01 13:44:21
0.0,2019-11-01 13:44:33
6.0,2019-11-01 13:44:42
3.0,2019-11-01 13:45:02
10.0,2019-11-01 13:45:13
1.0,2019-11-01 13:45:24
5.0,2019-11-01 13:45:36
5.0,2019-11-01 13:45:47
6.0,2019-11-01 13:45:57
3.0,2019-11-01 13:46:08
8.0,2019-11-01 13:46:18
1.0,2019-11-01 13:46:50
2.0,2019-11-01 13:47:01
5.0,2019-11-01 13:47:23
1.0,2019-11-01 13:47:38
6.0,2019-11-01 13:47:47
8.0,2019-11-01 13:47:58
1.0,2019-11-01 13:48:09
2.0,2019-11-01 13:48:20
1.0,2019-11-01 13:48:31
5.0,2019-11-01 13:48:51
3.0,2019-11-01 13:49:10
2.0,2019-11-01 13:49:42
2.0,2019-11-01 13:49:53
2.0,2019-11-01 13:50:10
3.0,2019-11-01 13:50:21
1.0,2019-11-01 13:50:33
6.0,2019-11-01 13:50:42
1.0,2019-11-01 13:50:53
8.0,2019-11-01 13:51:04
5.0,2019-11-01 13:51:22
15.0,2019-11-01 13:51:37
10.0,2019-11-01 13:51:43
1.0,2019-11-01 13:51:53
6.0,2019-11-01 13:52:02
1.0,2019-11-01 13:52:13
0.0,2019-11-01 13:52:36
1.0,2019-11-01 13:52:47
3.0,2019-11-01 13:52:58
6.0,2019-11-01 13:53:09
5.0,2019-11-01 13:53:20
5.0,2019-11-01 13:53:30
0.0,2019-11-01 13:53:41
0.0,2019-11-01 13:53:56
2.0,2019-11-01 13:54:04
2.0,2019-11-01 13:54:21
4.0,2019-11-01 13:54:32
1.0,2019-11-01 13:54:43
0.0,2019-11-01 13:54:53
5.0,2019-11-01 13:55:04
0.0,2019-11-01 13:55:13
1.0,2019-11-01 13:55:24
0.0,2019-11-01 13:55:35
2.0,2019-11-01 13:55:44
2.0,2019-11-01 13:56:01
22.0,2019-11-01 13:56:12
3.0,2019-11-01 13:56:33
5.0,2019-11-01 13:56:44
1.0,2019-11-01 13:56:55
2.0,2019-11-01 13:57:06
0.0,2019-11-01 13:57:17
0.0,2019-11-01 13:57:28
0.0,2019-11-01 13:57:38
2.0,2019-11-01 13:57:47
1.0,2019-11-01 13:57:58
2.0,2019-11-01 13:58:09
4.0,2019-11-01 13:58:21
1.0,2019-11-01 13:58:42
9.0,2019-11-01 13:58:53
11.0,2019-11-01 13:59:04
1.0,2019-11-01 13:59:15
2.0,2019-11-01 13:59:25
2.0,2019-11-01 13:59:35
14.0,2019-11-01 13:59:47
0.0,2019-11-01 14:00:09
3.0,2019-11-01 14:00:30
2.0,2019-11-01 14:00:41
6.0,2019-11-01 14:01:03
11.0,2019-11-01 14:01:14
4.0,2019-11-01 14:01:25
0.0,2019-11-01 14:01:36
13.0,2019-11-01 14:01:45
2.0,2019-11-01 14:01:53
8.0,2019-11-01 14:02:04
2.0,2019-11-01 14:02:15
2.0,2019-11-01 14:02:25
2.0,2019-11-01 14:02:37
2.0,2019-11-01 14:02:49
5.0,2019-11-01 14:03:00
4.0,2019-11-01 14:03:10
0.0,2019-11-01 14:03:37
2.0,2019-11-01 14:03:42
0.0,2019-11-01 14:03:51
0.0,2019-11-01 14:04:06
2.0,2019-11-01 14:04:16
0.0,2019-11-01 14:04:27
5.0,2019-11-01 14:04:37
3.0,2019-11-01 14:04:47
0.0,2019-11-01 14:04:59
6.0,2019-11-01 14:05:09
4.0,2019-11-01 14:05:20
0.0,2019-11-01 14:05:41
1.0,2019-11-01 14:05:50
4.0,2019-11-01 14:05:55
2.0,2019-11-01 14:06:06
2.0,2019-11-01 14:06:40
11.0,2019-11-01 14:06:48
3.0,2019-11-01 14:06:57
4.0,2019-11-01 14:07:08
4.0,2019-11-01 14:07:18
15.0,2019-11-01 14:07:25
14.0,2019-11-01 14:07:33
1.0,2019-11-01 14:07:44
2.0,2019-11-01 14:07:55
9.0,2019-11-01 14:08:04
20.0,2019-11-01 14:08:14
15.0,2019-11-01 14:08:24
1.0,2019-11-01 14:08:35
5.0,2019-11-01 14:08:46
7.0,2019-11-01 14:08:57
10.0,2019-11-01 14:09:09
4.0,2019-11-01 14:09:21
5.0,2019-11-01 14:09:32
7.0,2019-11-01 14:09:44
1.0,2019-11-01 14:09:54
0.0,2019-11-01 14:10:04
3.0,2019-11-01 14:10:14
1.0,2019-11-01 14:10:24
2.0,2019-11-01 14:10:44
13.0,2019-11-01 14:10:55
4.0,2019-11-01 14:11:04
0.0,2019-11-01 14:11:16
0.0,2019-11-01 14:11:25
1.0,2019-11-01 14:11:35
4.0,2019-11-01 14:11:45
2.0,2019-11-01 14:11:54
3.0,2019-11-01 14:12:04
1.0,2019-11-01 14:12:20
4.0,2019-11-01 14:12:31
0.0,2019-11-01 14:12:51
4.0,2019-11-01 14:13:01
0.0,2019-11-01 14:13:21
2.0,2019-11-01 14:13:32
4.0,2019-11-01 14:13:42
20.0,2019-11-01 14:13:43
9.0,2019-11-01 14:14:02
1.0,2019-11-01 14:14:13
3.0,2019-11-01 14:14:23
2.0,2019-11-01 14:14:34
11.0,2019-11-01 14:14:44
0.0,2019-11-01 14:14:53
0.0,2019-11-01 14:15:09
3.0,2019-11-01 14:15:20
6.0,2019-11-01 14:15:31
2.0,2019-11-01 14:15:52
2.0,2019-11-01 14:16:03
3.0,2019-11-01 14:16:13
17.0,2019-11-01 14:16:22
11.0,2019-11-01 14:16:33
7.0,2019-11-01 14:16:42
5.0,2019-11-01 14:16:53
0.0,2019-11-01 14:17:04
1.0,2019-11-01 14:17:26
1.0,2019-11-01 14:17:37
4.0,2019-11-01 14:17:48
1.0,2019-11-01 14:17:58
5.0,2019-11-01 14:18:00
4.0,2019-11-01 14:18:09
9.0,2019-11-01 14:18:29
5.0,2019-11-01 14:18:51
15.0,2019-11-01 14:18:57
3.0,2019-11-01 14:19:07
19.0,2019-11-01 14:19:19
3.0,2019-11-01 14:19:30
3.0,2019-11-01 14:19:41
5.0,2019-11-01 14:19:56
3.0,2019-11-01 14:20:06
2.0,2019-11-01 14:20:17
1.0,2019-11-01 14:20:27
14.0,2019-11-01 14:20:38
1.0,2019-11-01 14:21:00
3.0,2019-11-01 14:21:11
2.0,2019-11-01 14:21:29
5.0,2019-11-01 14:21:40
0.0,2019-11-01 14:21:51
1.0,2019-11-01 14:22:02
0.0,2019-11-01 14:22:22
4.0,2019-11-01 14:22:33
2.0,2019-11-01 14:22:45
6.0,2019-11-01 14:22:55
2.0,2019-11-01 14:23:05
0.0,2019-11-01 14:23:10
1.0,2019-11-01 14:23:32
17.0,2019-11-01 14:23:42
3.0,2019-11-01 14:23:45
0.0,2019-11-01 14:24:06
2.0,2019-11-01 14:24:19
1.0,2019-11-01 14:24:30
1.0,2019-11-01 14:24:46
0.0,2019-11-01 14:24:57
4.0,2019-11-01 14:25:08
2.0,2019-11-01 14:25:19
2.0,2019-11-01 14:25:25
0.0,2019-11-01 14:25:36
2.0,2019-11-01 14:25:58
0.0,2019-11-01 14:26:07
0.0,2019-11-01 14:26:18
10.0,2019-11-01 14:26:31
17.0,2019-11-01 14:26:41
2.0,2019-11-01 14:26:52
2.0,2019-11-01 14:27:03
6.0,2019-11-01 14:27:14
1.0,2019-11-01 14:27:36
0.0,2019-11-01 14:27:47
13.0,2019-11-01 14:27:56
2.0,2019-11-01 14:28:05
4.0,2019-11-01 14:28:16
11.0,2019-11-01 14:28:31
2.0,2019-11-01 14:28:52
2.0,2019-11-01 14:29:03
15.0,2019-11-01 14:29:13
3.0,2019-11-01 14:29:22
7.0,2019-11-01 14:29:32
6.0,2019-11-01 14:29:43
3.0,2019-11-01 14:29:52
1.0,2019-11-01 14:30:05
2.0,2019-11-01 14:30:15
0.0,2019-11-01 14:30:25
1.0,2019-11-01 14:30:37
1.0,2019-11-01 14:30:47
15.0,2019-11-01 14:30:56
0.0,2019-11-01 14:31:06
2.0,2019-11-01 14:31:17
2.0,2019-11-01 14:31:28
4.0,2019-11-01 14:31:42
1.0,2019-11-01 14:31:52
5.0,2019-11-01 14:32:03
8.0,2019-11-01 14:32:14
5.0,2019-11-01 14:32:24
2.0,2019-11-01 14:32:36
0.0,2019-11-01 14:32:46
22.0,2019-11-01 14:32:55
4.0,2019-11-01 14:33:02
1.0,2019-11-01 14:33:12
2.0,2019-11-01 14:33:21
0.0,2019-11-01 14:33:33
6.0,2019-11-01 14:33:42
1.0,2019-11-01 14:33:52
7.0,2019-11-01 14:34:02
4.0,2019-11-01 14:34:21
3.0,2019-11-01 14:34:42
0.0,2019-11-01 14:34:52
11.0,2019-11-01 14:35:03
0.0,2019-11-01 14:35:12
0.0,2019-11-01 14:35:22
1.0,2019-11-01 14:35:43
11.0,2019-11-01 14:35:44
5.0,2019-11-01 14:35:54
1.0,2019-11-01 14:36:03
5.0,2019-11-01 14:36:14
2.0,2019-11-01 14:36:25
0.0,2019-11-01 14:36:37
3.0,2019-11-01 14:36:46
0.0,2019-11-01 14:36:52
8.0,2019-11-01 14:37:08
11.0,2019-11-01 14:37:18
3.0,2019-11-01 14:37:39
17.0,2019-11-01 14:37:43
1.0,2019-11-01 14:37:53
0.0,2019-11-01 14:38:02
5.0,2019-11-01 14:38:13
1.0,2019-11-01 14:38:22
5.0,2019-11-01 14:38:33
1.0,2019-11-01 14:38:41
5.0,2019-11-01 14:38:52
11.0,2019-11-01 14:39:03
4.0,2019-11-01 14:39:14
9.0,2019-11-01 14:39:25
2.0,2019-11-01 14:39:35
16.0,2019-11-01 14:39:45
3.0,2019-11-01 14:40:00
17.0,2019-11-01 14:40:10
0.0,2019-11-01 14:40:30
0.0,2019-11-01 14:40:41
1.0,2019-11-01 14:41:03
10.0,2019-11-01 14:41:14
0.0,2019-11-01 14:41:32
3.0,2019-11-01 14:41:43
2.0,2019-11-01 14:41:58
1.0,2019-11-01 14:42:08
2.0,2019-11-01 14:42:17
2.0,2019-11-01 14:42:28
1.0,2019-11-01 14:42:39
6.0,2019-11-01 14:42:42
4.0,2019-11-01 14:42:53
0.0,2019-11-01 14:43:04
1.0,2019-11-01 14:43:15
2.0,2019-11-01 14:43:33
11.0,2019-11-01 14:43:43
5.0,2019-11-01 14:43:56
8.0,2019-11-01 14:44:06
3.0,2019-11-01 14:44:17
3.0,2019-11-01 14:44:28
21.0,2019-11-01 14:44:33
2.0,2019-11-01 14:44:52
10.0,2019-11-01 14:44:57
0.0,2019-11-01 14:45:12
15.0,2019-11-01 14:45:14
0.0,2019-11-01 14:45:32
17.0,2019-11-01 14:45:34
4.0,2019-11-01 14:45:43
0.0,2019-11-01 14:46:01
0.0,2019-11-01 14:46:32
4.0,2019-11-01 14:46:42
3.0,2019-11-01 14:46:53
0.0,2019-11-01 14:47:01
1.0,2019-11-01 14:47:13
12.0,2019-11-01 14:47:22
4.0,2019-11-01 14:47:33
2.0,2019-11-01 14:47:43
3.0,2019-11-01 14:47:54
6.0,2019-11-01 14:48:03
4.0,2019-11-01 14:48:16
2.0,2019-11-01 14:48:25
2.0,2019-11-01 14:48:36
0.0,2019-11-01 14:48:47
5.0,2019-11-01 14:48:58
0.0,2019-11-01 14:49:09
20.0,2019-11-01 14:49:11
1.0,2019-11-01 14:49:20
0.0,2019-11-01 14:49:31
4.0,2019-11-01 14:49:40
3.0,2019-11-01 14:49:50
5.0,2019-11-01 14:50:01
1.0,2019-11-01 14:50:12
1.0,2019-11-01 14:50:22
2.0,2019-11-01 14:50:33
3.0,2019-11-01 14:50:41
0.0,2019-11-01 14:50:55
0.0,2019-11-01 14:51:05
3.0,2019-11-01 14:51:15
0.0,2019-11-01 14:51:25
14.0,2019-11-01 14:51:36
5.0,2019-11-01 14:51:41
2.0,2019-11-01 14:51:53
7.0,2019-11-01 14:52:02
2.0,2019-11-01 14:52:13
0.0,2019-11-01 14:52:24
6.0,2019-11-01 14:52:34
12.0,2019-11-01 14:52:45
2.0,2019-11-01 14:52:55
23.0,2019-11-01 14:53:05
6.0,2019-11-01 14:53:14
2.0,2019-11-01 14:53:25
0.0,2019-11-01 14:53:36
3.0,2019-11-01 14:53:51
5.0,2019-11-01 14:58:07
1.33,2019-11-01 14:58:12
2.82,2019-11-01 14:58:22
3.5,2019-11-01 14:58:32
0.45,2019-11-01 14:58:42
12.09,2019-11-01 14:58:53
0.5,2019-11-01 14:59:03
0.64,2019-11-01 14:59:13
5.09,2019-11-01 14:59:24
2.45,2019-11-01 14:59:35
2.4,2019-11-01 14:59:46
1.78,2019-11-01 14:59:55
9.55,2019-11-01 15:00:05
5.64,2019-11-01 15:00:16
0.56,2019-11-01 15:00:32
3.9,2019-11-01 15:00:42
5.5,2019-11-01 15:00:52
13.09,2019-11-01 15:01:02
2.33,2019-11-01 15:01:15
2.1,2019-11-01 15:01:24
1.0,2019-11-01 15:01:34
1.9,2019-11-01 15:01:55
9.09,2019-11-01 15:02:06
0.26,2019-11-01 15:02:26
1.0,2019-11-01 15:02:36
2.25,2019-11-01 15:02:49
3.0,2019-11-01 15:02:58
4.55,2019-11-01 15:03:08
8.45,2019-11-01 15:03:19
3.18,2019-11-01 15:03:30
2.24,2019-11-01 15:03:51
3.42,2019-11-01 15:04:11
0.91,2019-11-01 15:04:21
9.09,2019-11-01 15:04:32
4.5,2019-11-01 15:04:53
1.5,2019-11-01 15:05:03
21.0,2019-11-01 15:05:18
3.64,2019-11-01 15:05:28
2.0,2019-11-01 15:05:39
4.09,2019-11-01 15:05:50
6.18,2019-11-01 15:06:00
3.4,2019-11-01 15:06:16
5.0,2019-11-01 15:06:26
1.45,2019-11-01 15:06:37
4.18,2019-11-01 15:06:48
1.7,2019-11-01 15:06:58
0.55,2019-11-01 15:07:08
1.36,2019-11-01 15:07:19
7.36,2019-11-01 15:07:30
1.0,2019-11-01 15:07:40
1.39,2019-11-01 15:07:58
1.36,2019-11-01 15:08:09
0.33,2019-11-01 15:08:12
3.09,2019-11-01 15:08:22
10.1,2019-11-01 15:08:32
7.64,2019-11-01 15:08:42
5.22,2019-11-01 15:08:51
1.0,2019-11-01 15:09:02
1.5,2019-11-01 15:09:12
4.17,2019-11-01 15:09:24
9.0,2019-11-01 15:09:33
1.36,2019-11-01 15:09:44
2.09,2019-11-01 15:09:55
2.6,2019-11-01 15:10:04
11.36,2019-11-01 15:10:15
4.0,2019-11-01 15:10:30
1.0,2019-11-01 15:10:41
1.8,2019-11-01 15:11:02
1.82,2019-11-01 15:11:12
0.55,2019-11-01 15:11:23
22.73,2019-11-01 15:11:35
3.0,2019-11-01 15:11:44
2.3,2019-11-01 15:11:54
1.82,2019-11-01 15:12:04
1.0,2019-11-01 15:12:15
2.08,2019-11-01 15:12:29
5.17,2019-11-01 15:12:40
0.5,2019-11-01 15:12:50
2.06,2019-11-01 15:13:07
2.0,2019-11-01 15:13:15
1.55,2019-11-01 15:13:36
0.45,2019-11-01 15:13:46
1.43,2019-11-01 15:13:53
1.36,2019-11-01 15:14:04
0.62,2019-11-01 15:14:12
6.36,2019-11-01 15:14:22
2.67,2019-11-01 15:14:34
3.91,2019-11-01 15:14:45
4.09,2019-11-01 15:14:57
0.09,2019-11-01 15:15:07
13.0,2019-11-01 15:15:12
0.33,2019-11-01 15:15:44
2.5,2019-11-01 15:15:45
10.5,2019-11-01 15:15:54
4.73,2019-11-01 15:16:04
11.91,2019-11-01 15:16:15
0.91,2019-11-01 15:16:26
2.4,2019-11-01 15:16:36
5.0,2019-11-01 15:16:44
1.88,2019-11-01 15:17:01
0.75,2019-11-01 15:17:05
9.36,2019-11-01 15:17:15
4.0,2019-11-01 15:17:26
4.27,2019-11-01 15:17:37
7.5,2019-11-01 15:17:47
3.71,2019-11-01 15:18:08
6.7,2019-11-01 15:18:18
7.73,2019-11-01 15:18:29
2.27,2019-11-01 15:18:39
1.68,2019-11-01 15:19:02
16.43,2019-11-01 15:19:09
1.0,2019-11-01 15:19:19
0.45,2019-11-01 15:19:29
3.18,2019-11-01 15:19:40
2.6,2019-11-01 15:19:45
0.64,2019-11-01 15:19:55
12.27,2019-11-01 15:20:05
0.45,2019-11-01 15:20:16
0.45,2019-11-01 15:20:27
1.25,2019-11-01 15:20:34
4.27,2019-11-01 15:20:45
3.5,2019-11-01 15:20:55
0.55,2019-11-01 15:21:05
3.73,2019-11-01 15:21:16
4.73,2019-11-01 15:21:26
0.56,2019-11-01 15:21:35
9.18,2019-11-01 15:21:46
2.79,2019-11-01 15:22:00
4.18,2019-11-01 15:22:17
0.5,2019-11-01 15:22:27
8.18,2019-11-01 15:22:37
0.91,2019-11-01 15:22:48
10.5,2019-11-01 15:22:50
0.08,2019-11-01 15:23:03
0.08,2019-11-01 15:23:14
7.55,2019-11-01 15:23:25
4.5,2019-11-01 15:23:35
10.91,2019-11-01 15:23:45
4.09,2019-11-01 15:23:56
1.8,2019-11-01 15:24:06
0.25,2019-11-01 15:24:26
5.3,2019-11-01 15:24:36
4.17,2019-11-01 15:24:47
2.73,2019-11-01 15:24:58
2.0,2019-11-01 15:25:08
1.91,2019-11-01 15:25:18
4.55,2019-11-01 15:25:29
0.5,2019-11-01 15:25:31
1.3,2019-11-01 15:25:39
0.71,2019-11-01 15:25:57
0.09,2019-11-01 15:26:07
4.27,2019-11-01 15:26:18
0.1,2019-11-01 15:26:28
1.0,2019-11-01 15:26:38
2.91,2019-11-01 15:26:49
9.09,2019-11-01 15:27:00
4.0,2019-11-01 15:27:10
3.18,2019-11-01 15:27:20
1.81,2019-11-01 15:27:37
2.82,2019-11-01 15:27:47
6.88,2019-11-01 15:27:55
2.5,2019-11-01 15:28:05
0.64,2019-11-01 15:28:15
9.18,2019-11-01 15:28:26
0.64,2019-11-01 15:28:37
0.48,2019-11-01 15:28:58
4.56,2019-11-01 15:29:07
2.17,2019-11-01 15:29:18
0.25,2019-11-01 15:29:39
2.0,2019-11-01 15:29:50
0.58,2019-11-01 15:30:02
2.0,2019-11-01 15:30:11
2.27,2019-11-01 15:30:22
3.0,2019-11-01 15:30:32
0.08,2019-11-01 15:30:44
0.18,2019-11-01 15:30:54
1.67,2019-11-01 15:31:06
2.0,2019-11-01 15:31:17
2.73,2019-11-01 15:31:27
1.91,2019-11-01 15:31:38
0.75,2019-11-01 15:31:46
2.36,2019-11-01 15:31:56
3.36,2019-11-01 15:32:07
3.89,2019-11-01 15:32:16
2.27,2019-11-01 15:32:26
5.09,2019-11-01 15:32:37
5.33,2019-11-01 15:32:43
0.91,2019-11-01 15:32:53
0.09,2019-11-01 15:33:04
1.5,2019-11-01 15:33:14
2.14,2019-11-01 15:33:28
4.6,2019-11-01 15:33:38
7.18,2019-11-01 15:33:48
1.4,2019-11-01 15:33:58
0.77,2019-11-01 15:34:11
5.0,2019-11-01 15:34:13
4.3,2019-11-01 15:34:22
0.85,2019-11-01 15:34:42
0.92,2019-11-01 15:34:56
0.64,2019-11-01 15:35:06
1.1,2019-11-01 15:35:16
2.92,2019-11-01 15:35:27
2.0,2019-11-01 15:35:38
0.5,2019-11-01 15:35:48
7.0,2019-11-01 15:35:58
4.31,2019-11-01 15:36:12
1.36,2019-11-01 15:36:22
1.82,2019-11-01 15:36:32
1.0,2019-11-01 15:36:43
6.62,2019-11-01 15:36:57
5.09,2019-11-01 15:37:07
2.5,2019-11-01 15:37:17
0.55,2019-11-01 15:37:27
5.09,2019-11-01 15:37:38
3.0,2019-11-01 15:37:48
4.55,2019-11-01 15:37:58
1.43,2019-11-01 15:38:05
6.5,2019-11-01 15:38:15
3.27,2019-11-01 15:38:25
2.55,2019-11-01 15:38:36
2.46,2019-11-01 15:38:49
4.09,2019-11-01 15:39:00
3.45,2019-11-01 15:39:10
0.67,2019-11-01 15:39:19
66.5,2019-11-01 15:39:23
10.5,2019-11-01 15:39:32
4.27,2019-11-01 15:39:42
0.09,2019-11-01 15:39:53
12.8,2019-11-01 15:40:03
1.09,2019-11-01 15:40:13
25.82,2019-11-01 15:40:24
3.27,2019-11-01 15:40:35
3.64,2019-11-01 15:40:45
1.82,2019-11-01 15:40:56
5.3,2019-11-01 15:41:06
17.09,2019-11-01 15:41:16
0.45,2019-11-01 15:41:27
3.25,2019-11-01 15:41:35
11.36,2019-11-01 15:41:45
0.18,2019-11-01 15:41:56
5.36,2019-11-01 15:42:07
1.09,2019-11-01 15:42:17
6.36,2019-11-01 15:42:28
9.55,2019-11-01 15:42:38
5.57,2019-11-01 15:42:46
6.45,2019-11-01 15:42:56
0.83,2019-11-01 15:43:14
7.36,2019-11-01 15:43:25
1.89,2019-11-01 15:43:34
1.45,2019-11-01 15:43:44
0.45,2019-11-01 15:43:55
2.5,2019-11-01 15:44:05
3.0,2019-11-01 15:44:14
5.0,2019-11-01 15:44:25
9.0,2019-11-01 15:44:35
0.45,2019-11-01 15:44:45
0.23,2019-11-01 15:44:59
2.91,2019-11-01 15:45:09
1.18,2019-11-01 15:45:19
2.73,2019-11-01 15:45:30
5.09,2019-11-01 15:45:41
8.16,2019-11-01 15:46:00
2.18,2019-11-01 15:46:17
5.0,2019-11-01 15:46:39
3.82,2019-11-01 15:46:49
2.92,2019-11-01 15:47:01
0.45,2019-11-01 15:47:12
3.35,2019-11-01 15:47:32
1.17,2019-11-01 15:47:50
6.25,2019-11-01 15:47:58
3.27,2019-11-01 15:48:08
4.91,2019-11-01 15:48:19
3.3,2019-11-01 15:48:29
2.05,2019-11-01 15:48:52
1.9,2019-11-01 15:49:01
5.18,2019-11-01 15:49:11
1.27,2019-11-01 15:49:22
8.6,2019-11-01 15:49:32
5.91,2019-11-01 15:49:42
3.64,2019-11-01 15:49:53
3.33,2019-11-01 15:50:08
9.05,2019-11-01 15:50:29
3.0,2019-11-01 15:50:39
13.67,2019-11-01 15:50:45
0.1,2019-11-01 15:50:55
3.75,2019-11-01 15:51:07
5.1,2019-11-01 15:51:28
1.38,2019-11-01 15:51:35
3.18,2019-11-01 15:51:46
0.33,2019-11-01 15:52:02
6.25,2019-11-01 15:52:08
2.0,2019-11-01 15:52:19
5.61,2019-11-01 15:52:39
1.05,2019-11-01 15:52:59
91.73,2019-11-01 15:53:10
1.3,2019-11-01 15:53:30
13.82,2019-11-01 15:53:41
6.82,2019-11-01 15:53:52
0.73,2019-11-01 15:54:08
4.55,2019-11-01 15:54:18
1.0,2019-11-01 15:54:29
0.76,2019-11-01 15:54:50
1.18,2019-11-01 15:55:01
13.6,2019-11-01 15:55:11
15.5,2019-11-01 15:55:12
3.0,2019-11-01 15:55:22
3.75,2019-11-01 15:56:28
4.1,2019-11-01 15:56:38
1.73,2019-11-01 15:56:48
8.82,2019-11-01 15:56:59
0.33,2019-11-01 15:57:18
3.0,2019-11-01 15:57:24
4.91,2019-11-01 15:57:35
5.0,2019-11-01 15:57:45
1.09,2019-11-01 15:57:55
4.55,2019-11-01 15:58:06
0.45,2019-11-01 15:58:17
2.36,2019-11-01 15:58:27
3.2,2019-11-01 16:19:11
5.09,2019-11-01 16:19:21
5.09,2019-11-01 16:19:32
125.1,2019-11-01 16:19:42
3.33,2019-11-01 16:20:00
2.09,2019-11-01 16:20:11
1.33,2019-11-01 16:20:23
0.45,2019-11-01 16:20:33
3.64,2019-11-01 16:20:44
2.64,2019-11-01 16:20:55
5.7,2019-11-01 16:21:05
4.09,2019-11-01 16:21:15
1.82,2019-11-01 16:21:26
20.6,2019-11-01 16:21:36
2.36,2019-11-01 16:21:59
2.27,2019-11-01 16:22:09
2.27,2019-11-01 16:22:19
11.44,2019-11-01 16:22:28
0.5,2019-11-01 16:22:38
10.45,2019-11-01 16:22:48
0.62,2019-11-01 16:22:57
1.15,2019-11-01 16:23:10
4.07,2019-11-01 16:23:26
5.5,2019-11-01 16:23:36
1.0,2019-11-01 16:23:47
4.09,2019-11-01 16:23:57
2.62,2019-11-01 16:24:06
1.45,2019-11-01 16:24:16
2.36,2019-11-01 16:24:27
1.0,2019-11-01 16:24:37
0.5,2019-11-01 16:24:49
12.82,2019-11-01 16:25:00
0.2,2019-11-01 16:25:10
0.07,2019-11-01 16:25:24
10.45,2019-11-01 16:25:34
29.0,2019-11-01 16:25:44
0.43,2019-11-01 16:25:58
2.89,2019-11-01 16:26:06
3.55,2019-11-01 16:26:17
2.5,2019-11-01 16:26:27
4.46,2019-11-01 16:26:41
11.29,2019-11-01 16:26:47
14.75,2019-11-01 16:26:55
6.67,2019-11-01 16:27:05
2.5,2019-11-01 16:27:13
13.89,2019-11-01 16:27:24
3.56,2019-11-01 16:27:34
1.67,2019-11-01 16:27:46
17.0,2019-11-01 16:27:49
3.93,2019-11-01 16:28:04
5.0,2019-11-01 16:28:14
13.33,2019-11-01 16:28:24
1.17,2019-11-01 16:28:36
2.0,2019-11-01 16:28:42
2.0,2019-11-01 16:28:54
10.0,2019-11-01 16:29:01
5.43,2019-11-01 16:29:17
14.0,2019-11-01 16:29:23
5.2,2019-11-01 16:29:34
2.33,2019-11-01 16:29:54
7.5,2019-11-01 16:30:01
1.69,2019-11-01 16:30:15
19.5,2019-11-01 16:30:20
0.42,2019-11-01 16:30:33
2.73,2019-11-01 16:30:46
7.5,2019-11-01 16:30:59
45.0,2019-11-01 16:31:01
4.5,2019-11-01 16:31:12
5.67,2019-11-01 16:31:22
3.6,2019-11-01 16:31:34
1.0,2019-11-01 16:31:43
0.56,2019-11-01 16:31:54
15.46,2019-11-01 16:32:08
7.5,2019-11-01 16:32:13
3.33,2019-11-01 16:32:23
4.56,2019-11-01 16:32:34
6.33,2019-11-01 16:32:40
3.11,2019-11-01 16:32:50
8.33,2019-11-01 16:33:07
2.5,2019-11-01 16:33:19
6.33,2019-11-01 16:33:25
5.0,2019-11-01 16:33:29
0.43,2019-11-01 16:33:45
8.2,2019-11-01 16:33:51
0.08,2019-11-01 16:34:03
4.6,2019-11-01 16:34:09
2.33,2019-11-01 16:34:26
1346.44,2019-11-01 16:34:36
0.11,2019-11-01 16:34:46
0.38,2019-11-01 16:34:53
1.0,2019-11-01 16:35:04
14.09,2019-11-01 16:35:15
4.43,2019-11-01 16:35:23
14.55,2019-11-01 16:35:35
1.12,2019-11-01 16:35:43
1.08,2019-11-01 16:35:56
11.33,2019-11-01 16:36:02
0.36,2019-11-01 16:36:15
0.56,2019-11-01 16:36:23
2.78,2019-11-01 16:36:34
0.56,2019-11-01 16:36:44
5.0,2019-11-01 16:36:59
4.09,2019-11-01 16:37:10
0.45,2019-11-01 16:37:20
14.1,2019-11-01 16:37:30
1.25,2019-11-01 16:37:42
3.89,2019-11-01 16:37:50
6.45,2019-11-01 16:38:01
1.82,2019-11-01 16:38:12
0.45,2019-11-01 16:38:23
3.67,2019-11-01 16:38:44
0.42,2019-11-01 16:38:56
96.09,2019-11-01 16:39:06
1.55,2019-11-01 16:39:17
2.1,2019-11-01 16:39:27
0.27,2019-11-01 16:39:37
4.55,2019-11-01 16:39:48
3.18,2019-11-01 16:39:59
3.1,2019-11-01 16:40:09
2.0,2019-11-01 16:40:21
0.95,2019-11-01 16:40:39
1.96,2019-11-01 16:41:03
2.4,2019-11-01 16:41:13
1.55,2019-11-01 16:41:23
1.09,2019-11-01 16:41:34
0.9,2019-11-01 16:41:43
1.92,2019-11-01 16:41:55
13.09,2019-11-01 16:42:06
0.12,2019-11-01 16:42:13
0.55,2019-11-01 16:42:24
1.65,2019-11-01 16:42:44
1.18,2019-11-01 16:42:55
2.36,2019-11-01 16:43:06
4.0,2019-11-01 16:43:14
7.4,2019-11-01 16:43:23
3.64,2019-11-01 16:43:34
1.0,2019-11-01 16:43:43
0.52,2019-11-01 16:44:05
1.45,2019-11-01 16:44:15
0.91,2019-11-01 16:44:26
0.73,2019-11-01 16:44:37
5.73,2019-11-01 16:44:47
2.45,2019-11-01 16:44:58
1.86,2019-11-01 16:45:05
5.55,2019-11-01 16:45:15
2.75,2019-11-01 16:45:36
11.45,2019-11-01 16:45:46
7.09,2019-11-01 16:45:57
0.8,2019-11-01 16:46:07
0.82,2019-11-01 16:46:17
2.73,2019-11-01 16:46:28
1.1,2019-11-01 16:46:37
5.0,2019-11-01 16:46:41
1.4,2019-11-01 16:46:51
2.19,2019-11-01 16:47:07
1.45,2019-11-01 16:47:18
9.43,2019-11-01 16:47:25
0.64,2019-11-01 16:47:35
1.45,2019-11-01 16:47:46
1.2,2019-11-01 16:48:06
4.18,2019-11-01 16:48:17
5.17,2019-11-01 16:48:29
3.5,2019-11-01 16:48:39
9.0,2019-11-01 16:48:49
8.55,2019-11-01 16:49:09
1.38,2019-11-01 16:49:31
7.73,2019-11-01 16:49:41
1.71,2019-11-01 16:50:03
2.0,2019-11-01 16:50:13
0.55,2019-11-01 16:50:24
3.2,2019-11-01 16:50:33
4.73,2019-11-01 16:50:44
8.24,2019-11-01 16:51:01
0.95,2019-11-01 16:51:23
0.1,2019-11-01 16:51:33
0.45,2019-11-01 16:51:43
6.91,2019-11-01 16:51:54
4.64,2019-11-01 16:52:05
0.57,2019-11-01 16:52:19
2.0,2019-11-01 16:52:29
1.0,2019-11-01 16:52:40
0.65,2019-11-01 16:53:00
2.73,2019-11-01 16:53:11
12.5,2019-11-01 16:53:13
4.1,2019-11-01 16:53:21
3.0,2019-11-01 16:53:32
0.91,2019-11-01 16:53:43
0.5,2019-11-01 16:53:52
2.33,2019-11-01 16:54:04
3.36,2019-11-01 16:54:15
3.1,2019-11-01 16:54:24
2.27,2019-11-01 16:54:35
0.5,2019-11-01 16:54:45
4.55,2019-11-01 16:54:55
5.0,2019-11-01 16:55:09
6.0,2019-11-01 16:55:13
0.56,2019-11-01 16:55:22
3.73,2019-11-01 16:55:32
0.45,2019-11-01 16:55:43
1.69,2019-11-01 16:55:59
10.45,2019-11-01 16:56:10
5.43,2019-11-01 16:56:24
3.6,2019-11-01 16:56:33
0.55,2019-11-01 16:56:44
7.0,2019-11-01 16:56:52
1.5,2019-11-01 16:57:01
3.58,2019-11-01 16:57:14
6.25,2019-11-01 16:57:26
2.36,2019-11-01 16:57:36
5.82,2019-11-01 16:57:47
2.5,2019-11-01 16:57:54
2.27,2019-11-01 16:58:05
2.0,2019-11-01 16:58:16
0.1,2019-11-01 16:58:25
12.0,2019-11-01 16:58:36
2.36,2019-11-01 16:58:47
3.9,2019-11-01 16:58:57
2.09,2019-11-01 16:59:07
2.27,2019-11-01 16:59:18
10.0,2019-11-01 16:59:28
26.36,2019-11-01 16:59:38
6.65,2019-11-01 17:00:10
3.25,2019-11-01 17:00:31
1.18,2019-11-01 17:00:41
0.3,2019-11-01 17:01:02
0.43,2019-11-01 17:01:23
6.5,2019-11-01 17:01:33
0.95,2019-11-01 17:01:54
0.7,2019-11-01 17:02:03
1.82,2019-11-01 17:02:14
1.93,2019-11-01 17:02:30
18.73,2019-11-01 17:02:40
0.08,2019-11-01 17:02:53
2.82,2019-11-01 17:03:03
1.0,2019-11-01 17:03:13
1.32,2019-11-01 17:03:33
3.14,2019-11-01 17:03:54
104.7,2019-11-01 17:04:04
1.25,2019-11-01 17:04:15
3.27,2019-11-01 17:04:26
0.5,2019-11-01 17:04:36
0.09,2019-11-01 17:04:46
0.69,2019-11-01 17:04:59
3.27,2019-11-01 17:05:10
2.0,2019-11-01 17:05:21
0.33,2019-11-01 17:05:42
18.86,2019-11-01 17:05:49
0.1,2019-11-01 17:05:59
1.64,2019-11-01 17:06:09
2.45,2019-11-01 17:06:20
1.35,2019-11-01 17:06:40
3.27,2019-11-01 17:06:51
1.7,2019-11-01 17:07:00
11.36,2019-11-01 17:07:11
34.36,2019-11-01 17:07:22
0.64,2019-11-01 17:07:32
0.45,2019-11-01 17:07:43
1.3,2019-11-01 17:07:53
0.28,2019-11-01 17:08:10
1.18,2019-11-01 17:08:21
2.2,2019-11-01 17:08:46
0.91,2019-11-01 17:08:57
3.09,2019-11-01 17:09:08
0.45,2019-11-01 17:09:19
0.09,2019-11-01 17:09:29
4.17,2019-11-01 17:09:35
2.27,2019-11-01 17:09:46
7.5,2019-11-01 17:09:53
5.64,2019-11-01 17:10:04
9.18,2019-11-01 17:10:15
3.73,2019-11-01 17:10:25
7.94,2019-11-01 17:10:42
0.73,2019-11-01 17:10:52
2.27,2019-11-01 17:11:03
2.82,2019-11-01 17:11:14
2.6,2019-11-01 17:11:24
5.95,2019-11-01 17:11:43
0.45,2019-11-01 17:11:54
2.27,2019-11-01 17:12:04
3.09,2019-11-01 17:12:15
1.5,2019-11-01 17:12:25
5.18,2019-11-01 17:12:35
2.36,2019-11-01 17:12:46
12.5,2019-11-01 17:12:56
2.08,2019-11-01 17:13:07
3.64,2019-11-01 17:13:18
0.09,2019-11-01 17:13:29
2.1,2019-11-01 17:13:38
18.45,2019-11-01 17:13:49
3.18,2019-11-01 17:14:00
0.77,2019-11-01 17:14:13
1.82,2019-11-01 17:14:23
9.27,2019-11-01 17:14:34
5.45,2019-11-01 17:14:45
0.09,2019-11-01 17:14:55
11.73,2019-11-01 17:15:06
1.36,2019-11-01 17:15:17
0.25,2019-11-01 17:15:37
0.91,2019-11-01 17:15:48
3.64,2019-11-01 17:15:59
7.78,2019-11-01 17:16:08
27.5,2019-11-01 17:16:11
0.24,2019-11-01 17:16:32
0.55,2019-11-01 17:16:43
0.09,2019-11-01 17:16:54
1.45,2019-11-01 17:17:05
0.55,2019-11-01 17:17:15
1.82,2019-11-01 17:17:26
3.82,2019-11-01 17:17:37
4.1,2019-11-01 17:17:46
3.18,2019-11-01 17:17:57
2.91,2019-11-01 17:18:08
2.38,2019-11-01 17:18:16
1.5,2019-11-01 17:18:25
1.45,2019-11-01 17:18:36
1.27,2019-11-01 17:18:47
1.73,2019-11-01 17:19:02
0.45,2019-11-01 17:19:13
1.8,2019-11-01 17:19:33
2.27,2019-11-01 17:19:44
2.1,2019-11-01 17:19:54
0.5,2019-11-01 17:20:03
1.9,2019-11-01 17:20:25
1.5,2019-11-01 17:20:35
2.82,2019-11-01 17:20:45
3.0,2019-11-01 17:20:56
1.19,2019-11-01 17:21:17
3.64,2019-11-01 17:21:28
15.2,2019-11-01 17:21:33
12.2,2019-11-01 17:21:43
3.33,2019-11-01 17:21:51
3.44,2019-11-01 17:22:08
75.5,2019-11-01 17:22:09
9.64,2019-11-01 17:22:19
3.64,2019-11-01 17:22:30
0.53,2019-11-01 17:22:49
7.5,2019-11-01 17:22:53
3.82,2019-11-01 17:23:03
0.45,2019-11-01 17:23:14
1.1,2019-11-01 17:23:23
1.78,2019-11-01 17:23:32
1.36,2019-11-01 17:23:43
2.45,2019-11-01 17:23:54
0.5,2019-11-01 17:24:04
11.64,2019-11-01 17:24:14
1.67,2019-11-01 17:24:24
0.47,2019-11-01 17:24:42
7.0,2019-11-01 17:24:47
10.0,2019-11-01 17:24:57
2.6,2019-11-01 17:25:06
0.09,2019-11-01 17:25:17
0.18,2019-11-01 17:25:35
4.09,2019-11-01 17:25:45
4.55,2019-11-01 17:25:56
0.9,2019-11-01 17:26:06
3.5,2019-11-01 17:26:16
1.64,2019-11-01 17:26:26
11.45,2019-11-01 17:26:37
0.56,2019-11-01 17:26:46
15.0,2019-11-01 17:26:54
10.45,2019-11-01 17:27:05
0.17,2019-11-01 17:27:17
6.64,2019-11-01 17:27:28
5.5,2019-11-01 17:27:37
8.27,2019-11-01 17:27:48
1.44,2019-11-01 17:28:07
11.36,2019-11-01 17:28:17
0.91,2019-11-01 17:28:28
8.33,2019-11-01 17:28:31
3.5,2019-11-01 17:28:51
0.55,2019-11-01 17:29:01
1.82,2019-11-01 17:29:12
1.18,2019-11-01 17:29:29
7.5,2019-11-01 17:29:31
1.55,2019-11-01 17:29:41
0.36,2019-11-01 17:29:52
2.27,2019-11-01 17:30:03
1.82,2019-11-01 17:30:13
5.55,2019-11-01 17:30:24
11.5,2019-11-01 17:30:34
1.64,2019-11-01 17:30:44
2.27,2019-11-01 17:30:55
6.22,2019-11-01 17:31:04
12.4,2019-11-01 17:31:13
2.69,2019-11-01 17:31:27
0.43,2019-11-01 17:31:40
5.83,2019-11-01 17:31:52
5.09,2019-11-01 17:32:03
0.75,2019-11-01 17:32:23
1.4,2019-11-01 17:32:33
3.75,2019-11-01 17:32:44
1.45,2019-11-01 17:32:55
5.0,2019-11-01 17:33:06
0.95,2019-11-01 17:33:27
0.5,2019-11-01 17:33:39
0.75,2019-11-01 17:33:46
6.91,2019-11-01 17:33:57
2.27,2019-11-01 17:34:08
28.0,2019-11-01 17:34:19
8.9,2019-11-01 17:34:40
2.73,2019-11-01 17:34:51
1.43,2019-11-01 17:35:12
4.36,2019-11-01 17:35:23
1.82,2019-11-01 17:35:33
1.82,2019-11-01 17:35:44
11.6,2019-11-01 17:35:54
2.27,2019-11-01 17:36:04
0.85,2019-11-01 17:36:25
0.73,2019-11-01 17:36:35
3.18,2019-11-01 17:36:46
10.36,2019-11-01 17:36:57
2.73,2019-11-01 17:37:07
2.27,2019-11-01 17:37:18
1.0,2019-11-01 17:37:20
0.8,2019-11-01 17:37:29
2.67,2019-11-01 17:37:50
8.1,2019-11-01 17:38:11
1.82,2019-11-01 17:38:22
1.55,2019-11-01 17:38:42
0.45,2019-11-01 17:38:53
1.07,2019-11-01 17:39:07
11.5,2019-11-01 17:39:16
5.0,2019-11-01 17:39:27
16.55,2019-11-01 17:39:38
2.45,2019-11-01 17:39:48
10.82,2019-11-01 17:39:59
3.73,2019-11-01 17:40:10
34.0,2019-11-01 17:40:28
5.0,2019-11-01 17:40:34
1.82,2019-11-01 17:40:45
2.27,2019-11-01 17:40:55
0.36,2019-11-01 17:41:06
5.09,2019-11-01 17:41:17
2.1,2019-11-01 17:41:26
1.91,2019-11-01 17:41:37
3.27,2019-11-01 17:41:48
5.18,2019-11-01 17:41:59
1.0,2019-11-01 17:42:06
0.55,2019-11-01 17:42:17
1.36,2019-11-01 17:42:28
4.0,2019-11-01 17:42:33
2.27,2019-11-01 17:42:43
2.27,2019-11-01 17:42:54
5.18,2019-11-01 17:43:05
1.82,2019-11-01 17:43:15
3.27,2019-11-01 17:43:26
2.5,2019-11-01 17:43:36
7.0,2019-11-01 17:43:40
0.95,2019-11-01 17:44:01
4.45,2019-11-01 17:44:12
0.56,2019-11-01 17:44:28
2.0,2019-11-01 17:44:33
1.91,2019-11-01 17:44:43
1.09,2019-11-01 17:44:54
0.27,2019-11-01 17:45:16
11.82,2019-11-01 17:45:27
9.0,2019-11-01 17:45:36
0.09,2019-11-01 17:45:47
7.0,2019-11-01 17:45:50
2.73,2019-11-01 17:46:00
4.0,2019-11-01 17:46:15
5.81,2019-11-01 17:46:32
11.09,2019-11-01 17:46:43
1.82,2019-11-01 17:46:53
3.09,2019-11-01 17:47:04
6.0,2019-11-01 17:47:24
3.09,2019-11-01 17:47:35
1.0,2019-11-01 17:47:46
0.35,2019-11-01 17:48:03
1.91,2019-11-01 17:48:14
2.45,2019-11-01 17:48:25
5.0,2019-11-01 17:48:35
11.0,2019-11-01 17:48:46
3.6,2019-11-01 17:48:56
0.22,2019-11-01 17:49:18
0.8,2019-11-01 17:49:27
10.27,2019-11-01 17:49:38
1.5,2019-11-01 17:49:40
1.32,2019-11-01 17:49:58
0.45,2019-11-01 17:50:09
2.5,2019-11-01 17:50:11
6.8,2019-11-01 17:50:31
0.55,2019-11-01 17:50:41
10.0,2019-11-01 17:51:03
4.0,2019-11-01 17:51:12
1.91,2019-11-01 17:51:23
2.18,2019-11-01 17:51:34
4.29,2019-11-01 17:51:40
0.27,2019-11-01 17:51:51
0.55,2019-11-01 17:52:02
2.21,2019-11-01 17:52:31
0.7,2019-11-01 17:52:40
9.5,2019-11-01 17:52:42
1.55,2019-11-01 17:53:02
0.7,2019-11-01 17:53:11
1.0,2019-11-01 17:53:22
2.27,2019-11-01 17:53:33
1.27,2019-11-01 17:53:43
2.27,2019-11-01 17:53:54
0.14,2019-11-01 17:54:15
1.64,2019-11-01 17:54:26
0.62,2019-11-01 17:54:39
3.09,2019-11-01 17:54:49
1.33,2019-11-01 17:55:11
3.36,2019-11-01 17:55:21
0.09,2019-11-01 17:55:32
2.73,2019-11-01 17:55:43
1.67,2019-11-01 17:55:58
2.0,2019-11-01 17:56:09
0.09,2019-11-01 17:56:20
1.55,2019-11-01 17:56:30
8.45,2019-11-01 17:56:41
1.7,2019-11-01 17:57:41
0.55,2019-11-01 17:57:52
5.6,2019-11-01 17:58:01
0.45,2019-11-01 17:58:12
8.0,2019-11-01 17:58:23
1.0,2019-11-01 17:58:32
6.88,2019-11-01 17:58:50
0.25,2019-11-01 17:59:10
4.64,2019-11-01 17:59:21
0.55,2019-11-01 17:59:41
0.91,2019-11-01 17:59:52
4.5,2019-11-01 18:00:01
2.17,2019-11-01 18:00:14
5.83,2019-11-01 18:00:26
10.0,2019-11-01 18:00:30
0.05,2019-11-01 18:00:51
17.75,2019-11-01 18:00:55
0.36,2019-11-01 18:01:09
2.09,2019-11-01 18:01:19
0.59,2019-11-01 18:01:36
3.0,2019-11-01 18:01:47
0.09,2019-11-01 18:01:58
2.73,2019-11-01 18:02:09
7.82,2019-11-01 18:02:19
5.45,2019-11-01 18:02:30
2.2,2019-11-01 18:02:39
1.36,2019-11-01 18:02:50
4.91,2019-11-01 18:03:01
4.2,2019-11-01 18:03:10
9.81,2019-11-01 18:03:32
1.75,2019-11-01 18:03:52
3.73,2019-11-01 18:04:03
0.5,2019-11-01 18:04:13
1.0,2019-11-01 18:04:23
2.25,2019-11-01 18:04:39
0.9,2019-11-01 18:05:19
5.36,2019-11-01 18:05:33
2.5,2019-11-01 18:05:43
0.91,2019-11-01 18:05:54
1.44,2019-11-01 18:06:02
0.18,2019-11-01 18:06:13
0.91,2019-11-01 18:06:24
0.1,2019-11-01 18:06:33
1.47,2019-11-01 18:06:53
0.09,2019-11-01 18:07:03
3.83,2019-11-01 18:07:16
0.09,2019-11-01 18:07:26
1.0,2019-11-01 18:07:37
7.0,2019-11-01 18:07:46
6.55,2019-11-01 18:07:57
2.36,2019-11-01 18:08:08
0.1,2019-11-01 18:08:17
2.43,2019-11-01 18:09:11
9.09,2019-11-01 18:09:23
3.18,2019-11-01 18:09:33
8.18,2019-11-01 18:09:44
5.1,2019-11-01 18:10:05
5.55,2019-11-01 18:10:16
1.91,2019-11-01 18:10:27
3.75,2019-11-01 18:10:38
1.25,2019-11-01 18:10:51
7.0,2019-11-01 18:11:01
0.45,2019-11-01 18:11:11
12.0,2019-11-01 18:11:22
26.18,2019-11-01 18:11:33
0.1,2019-11-01 18:11:42
2.75,2019-11-01 18:11:59
6.5,2019-11-01 18:12:08
0.14,2019-11-01 18:12:15
4.38,2019-11-01 18:12:37
9.55,2019-11-01 18:12:47
3.29,2019-11-01 18:13:09
2.27,2019-11-01 18:13:19
2.36,2019-11-01 18:13:30
3.6,2019-11-01 18:13:39
2.62,2019-11-01 18:14:00
7.82,2019-11-01 18:14:11
1.0,2019-11-01 18:14:27
1.0,2019-11-01 18:14:38
30.0,2019-11-01 18:14:40
5.0,2019-11-01 18:14:59
5.0,2019-11-01 18:15:10
2.94,2019-11-01 18:15:27
1.55,2019-11-01 18:15:38
6.27,2019-11-01 18:15:49
0.18,2019-11-01 18:16:00
2.0,2019-11-01 18:16:10
3.89,2019-11-01 18:16:29
8.33,2019-11-01 18:16:32
1.91,2019-11-01 18:16:42
5.91,2019-11-01 18:16:53
2.55,2019-11-01 18:17:13
5.09,2019-11-01 18:17:24
1.5,2019-11-01 18:17:33
13.73,2019-11-01 18:17:44
10.73,2019-11-01 18:17:55
7.1,2019-11-01 18:18:04
13.56,2019-11-01 18:18:13
1.82,2019-11-01 18:18:24
4.5,2019-11-01 18:18:33
0.45,2019-11-01 18:18:44
2.73,2019-11-01 18:18:55
0.18,2019-11-01 18:19:05
4.18,2019-11-01 18:19:16
8.45,2019-11-01 18:19:27
2.9,2019-11-01 18:19:36
0.64,2019-11-01 18:19:47
1.11,2019-11-01 18:19:56
0.6,2019-11-01 18:20:05
13.75,2019-11-01 18:20:13
0.27,2019-11-01 18:20:24
4.0,2019-11-01 18:20:33
3.0,2019-11-01 18:20:44
0.09,2019-11-01 18:20:55
1.55,2019-11-01 18:21:06
2.3,2019-11-01 18:21:15
1.33,2019-11-01 18:21:37
0.45,2019-11-01 18:21:47
3.09,2019-11-01 18:21:57
0.55,2019-11-01 18:22:08
1.6,2019-11-01 18:22:17
2.91,2019-11-01 18:22:28
19.0,2019-11-01 18:22:30
2.45,2019-11-01 18:22:49
3.0,2019-11-01 18:23:00
0.45,2019-11-01 18:23:11
1.64,2019-11-01 18:23:25
3.82,2019-11-01 18:23:35
2.3,2019-11-01 18:23:45
2.73,2019-11-01 18:23:55
4.2,2019-11-01 18:24:05
4.27,2019-11-01 18:24:16
0.75,2019-11-01 18:24:28
2.73,2019-11-01 18:24:38
18.5,2019-11-01 18:24:49
1.0,2019-11-01 18:25:10
10.0,2019-11-01 18:25:17
